Recording,Time_s,BandPeak_Hz,RidgeProminence_dB,CompetingModeRatio,PeakJump_Hz,SpectralEntropy
1,0.02,492.1875,16.9181283653794,0.89624005447348,NaN,0.846590961350992
1,0.04,310.546875,18.4259125952379,0.496083888962858,181.640625,0.847504289615196
1,0.06,316.40625,20.804083150602,0.314385292948171,5.859375,0.800458517186718
1,0.08,380.859375,20.094803433483,0.241334664019704,64.453125,0.787954804769312
1,0.1,345.703125,18.226737892487,0.190343278186793,35.15625,0.833621922222564
1,0.12,339.84375,15.0125739889602,0.41647409914204,5.859375,0.899550045476254
1,0.14,363.28125,11.646494768874,0.574939223092,23.4375,0.923281086532494
1,0.16,632.8125,15.9534232423571,0.80735282504613,269.53125,0.865677986228574
1,0.18,621.09375,16.6672157427626,0.996348554621934,11.71875,0.825111471633928
1,0.2,369.140625,15.986566521144,0.318865904009577,251.953125,0.894775205997959
1,0.22,392.578125,14.4973666471919,0.547314216287042,23.4375,0.879643932012925
1,0.24,304.6875,13.6643778625846,0.412601147836487,87.890625,0.909752782442299
1,0.26,2478.515625,11.0094949553032,0.580350286923685,2173.828125,0.929554980990857
1,0.28,333.984375,12.5810184793713,0.657349370407965,2144.53125,0.918063637629203
1,0.3,498.046875,14.7288187930152,0.770424819765823,164.0625,0.887925432122901
1,0.32,345.703125,18.5203920289956,0.251477639355542,152.34375,0.85035650758836
1,0.34,726.5625,14.2862965505436,0.39669657100937,380.859375,0.909149970214073
1,0.36,375,12.5556494477574,0.550233452110102,351.5625,0.926780638879276
1,0.38,310.546875,16.0974145321837,0.650238507642485,64.453125,0.872653109168473
1,0.4,1816.40625,16.2593593309941,0.778418028221199,1505.859375,0.843705788130127
1,0.42,3791.015625,17.5401880059521,0.488851828714758,1974.609375,0.845683047487771
1,0.44,1833.984375,13.8573495353261,0.751012083761243,1957.03125,0.868704951663775
1,0.46,2033.203125,17.6927922804306,0.992215922555705,199.21875,0.830341370598621
1,0.48,1535.15625,13.2807581251607,0.715327579615012,498.046875,0.899260359348472
1,0.5,410.15625,18.798060129072,0.571187960038572,1125,0.837235465400646
1,0.52,2056.640625,15.1751946320375,0.803065760332386,1646.484375,0.857918106637966
1,0.54,1189.453125,15.9853494973643,0.469284505780579,867.1875,0.881514154378855
1,0.56,410.15625,18.4976076761803,0.382205716897826,779.296875,0.849689281964383
1,0.58,433.59375,15.3333454751261,0.509445353894812,23.4375,0.872434971261579
1,0.6,410.15625,21.6374958584539,0.359289040265751,23.4375,0.781731602209599
1,0.62,427.734375,24.8697954070727,0.0961582334608964,17.578125,0.721845317161305
1,0.64,1816.40625,10.3745782472178,0.685818112408301,1388.671875,0.91737278503997
1,0.66,4072.265625,16.8858683255749,0.771332440419282,2255.859375,0.856742824476373
1,0.68,416.015625,15.6579529223343,0.709126031280015,3656.25,0.880707266541286
1,0.7,433.59375,15.4184115537182,0.448918124113472,17.578125,0.894263363365085
1,0.72,4623.046875,15.18591913081,0.896113972043086,4189.453125,0.879155074738038
1,0.74,410.15625,15.4525664747925,0.942028330126862,4212.890625,0.869241827657599
1,0.76,421.875,17.5149316553892,0.270459364380385,11.71875,0.86768247563645
1,0.78,2203.125,12.6017580337675,0.671966579183916,1781.25,0.90847646737484
1,0.8,4453.125,12.8536194898183,0.909363970142389,2250,0.886588979398068
1,0.82,1833.984375,15.990233889557,0.695377255893934,2619.140625,0.841917309649964
1,0.84,421.875,20.9925696020012,0.40477985515843,1412.109375,0.799215871609786
1,0.86,445.3125,17.6572598187589,0.242430898950192,23.4375,0.866654788697868
1,0.88,2027.34375,15.9824113447832,0.820110810051902,1582.03125,0.851131130606902
1,0.9,416.015625,16.7294928859945,0.773889588145928,1611.328125,0.857768216261218
1,0.92,427.734375,25.2193527279743,0.0672386774310802,11.71875,0.694375966218142
1,0.94,427.734375,26.6984335232681,0.0527012348849603,0,0.640271037778418
1,0.96,427.734375,15.6946266446131,0.742396583775443,0,0.863564939401991
1,0.98,427.734375,20.9220534416629,0.16299477497901,0,0.811782234449294
1,1,4640.625,18.608834248435,0.694879049452014,4212.890625,0.838044444324896
1,1.02,427.734375,17.0521078990673,0.499061872870139,4212.890625,0.860944504609417
1,1.04,1599.609375,11.471962061643,0.802489835175615,1171.875,0.911385172077322
1,1.06,433.59375,15.2418800583465,0.532220124071228,1166.015625,0.885313795189838
1,1.08,427.734375,20.1595599199731,0.300317725239643,5.859375,0.824317012326232
1,1.1,439.453125,17.900695439728,0.175655206677132,11.71875,0.866671316535161
1,1.12,427.734375,17.4095617562103,0.529578508466756,11.71875,0.857221503226765
1,1.14,427.734375,15.8445254999731,0.3751200558588,0,0.894508912166959
1,1.16,2185.546875,13.2071092369572,0.89368079013975,1757.8125,0.897217913827818
1,1.18,2179.6875,11.4853968480877,0.482064140785546,5.859375,0.934145566630403
1,1.2,4435.546875,16.1597735843429,0.814412489691315,2255.859375,0.829692437811402
1,1.22,4458.984375,20.9908414195636,0.697868196952864,23.4375,0.789809086520168
1,1.24,4892.578125,22.4430956313254,0.159636562785642,433.59375,0.758666792809943
1,1.26,4798.828125,16.8016069918513,0.642973907502719,93.75,0.843056352003071
1,1.28,4716.796875,20.4753817582319,0.829609920619567,82.03125,0.806502745590272
1,1.3,4804.6875,15.1241702309606,0.856436186884309,87.890625,0.868218166449223
1,1.32,4195.3125,10.9881677541178,0.965461934104666,609.375,0.920789891097044
1,1.34,4458.984375,20.0132749476376,0.613678486468375,263.671875,0.805986152589084
1,1.36,4476.5625,11.496322701171,0.937071241943416,17.578125,0.907047461347351
1,1.38,1869.140625,11.1064424157546,0.851974878771858,2607.421875,0.918004569111483
1,1.4,4998.046875,10.8709867266837,0.710399156531594,3128.90625,0.915879755357084
1,1.42,2226.5625,15.2262070186888,0.640992479672111,2771.484375,0.878073011855089
1,1.44,457.03125,12.6929648781186,0.675822857993445,1769.53125,0.908179866324567
1,1.46,451.171875,20.1007227175725,0.18832017108304,5.859375,0.82505650344379
1,1.48,439.453125,17.7178411013844,0.317000340975526,11.71875,0.864966394192022
1,1.5,439.453125,22.3115865273206,0.185122292078369,0,0.756977412851724
1,1.52,439.453125,17.2691930573842,0.200572507346481,0,0.873435961339929
1,1.54,427.734375,21.0923538543616,0.373968795109147,11.71875,0.799493832524061
1,1.56,451.171875,20.8731359118025,0.504142360335368,23.4375,0.794638691675113
1,1.58,439.453125,17.6920375384389,0.554479160070024,11.71875,0.845003189339064
1,1.6,427.734375,22.4227135413699,0.210195789408945,11.71875,0.783116754395342
1,1.62,427.734375,22.2435116292811,0.24619534301424,0,0.776063899493891
1,1.64,1353.515625,21.7082075104831,0.285340774900301,925.78125,0.783649625877671
1,1.66,1300.78125,21.1433798333134,0.666896004465457,52.734375,0.784087690215981
1,1.68,439.453125,18.8790112623982,0.592402394152449,861.328125,0.831816803952307
1,1.7,439.453125,20.0678930235393,0.306329249992636,0,0.808500156589082
1,1.72,433.59375,23.0011396749587,0.0839113935387983,5.859375,0.734874354835243
1,1.74,439.453125,19.9894959464835,0.26333264530298,5.859375,0.818248656653436
1,1.76,4195.3125,19.1491530829013,0.544141459248774,3755.859375,0.838987513268879
1,1.78,445.3125,24.0047680099534,0.151888748048045,3750,0.700732506037159
1,1.8,445.3125,25.0071774918193,0.160027072041604,0,0.702970710681844
1,1.82,445.3125,33.9953106945994,0.0159468892644856,0,0.48667481174471
1,1.84,416.015625,36.2007773943769,0.0122315105784437,29.296875,0.466986025453417
1,1.86,433.59375,33.8293229106582,0.0745458878757805,17.578125,0.571026160911534
1,1.88,451.171875,42.3872593985179,0.0142210765971866,17.578125,0.481250097968808
1,1.9,439.453125,29.3541881464401,0.0261685916379367,11.71875,0.585704605900509
1,1.92,468.75,31.0256992258612,0.0526847779677446,29.296875,0.593780218793217
1,1.94,457.03125,25.4337050090498,0.0946432425603261,11.71875,0.704447544999738
1,1.96,451.171875,29.7396070404135,0.0637710878426715,5.859375,0.577606695833699
1,1.98,457.03125,26.8470324519652,0.0734391683906193,5.859375,0.65671719019631
1,2,445.3125,29.4272005444603,0.0507747159889428,11.71875,0.595943593264063
1,2.02,480.46875,20.7670766314198,0.650681746925682,35.15625,0.799366126324063
1,2.04,1400.390625,15.890357693143,0.729944061784049,919.921875,0.876308330027544
1,2.06,421.875,25.7840228850277,0.176941022829308,978.515625,0.723415311471223
1,2.08,474.609375,23.6447241740267,0.145064193077393,52.734375,0.723257634341801
1,2.1,474.609375,30.5825140083912,0.0520043528563177,0,0.579118033820207
1,2.12,468.75,30.3955856844207,0.0789693358313768,5.859375,0.550876502768846
1,2.14,445.3125,25.8961201009624,0.173635474993182,23.4375,0.669428128692187
1,2.16,462.890625,26.497753097939,0.0219501118164218,17.578125,0.632454247030793
1,2.18,451.171875,20.141926753822,0.397625489362832,11.71875,0.817045228515499
1,2.2,421.875,14.4338993717914,0.776871839477124,29.296875,0.88318594279698
1,2.22,468.75,26.955131784231,0.0408333463187526,46.875,0.633444966493022
1,2.24,480.46875,22.4234953367392,0.131463094085384,11.71875,0.735717642366029
1,2.26,457.03125,16.3425237477493,0.454304380690869,23.4375,0.873148171585835
1,2.28,439.453125,14.3776641639482,0.441343841835994,17.578125,0.892506454438326
1,2.3,445.3125,26.3475246156513,0.20573081289389,5.859375,0.690403398637829
1,2.32,468.75,28.3068992120732,0.0804838683629676,23.4375,0.650411325432974
1,2.34,474.609375,29.9326881419366,0.0435466841585938,5.859375,0.578785468601292
1,2.36,474.609375,26.2665225517391,0.0589388800596096,0,0.653882507115234
1,2.38,474.609375,14.2936256222243,0.382742119195843,0,0.897714393286671
1,2.4,503.90625,19.99716870406,0.478626698880342,29.296875,0.791571261843495
1,2.42,480.46875,32.2367066783354,0.0765934649898199,23.4375,0.538853554723712
1,2.44,468.75,27.7181374202924,0.0347228547360003,11.71875,0.596435840657041
1,2.46,468.75,33.7346214916083,0.14618085143835,0,0.566327561898484
1,2.48,468.75,22.9817189565158,0.887290645597825,0,0.753247817267991
1,2.5,474.609375,30.800988144119,0.0405260979124683,5.859375,0.581953702366053
1,2.52,486.328125,27.3842646405935,0.0703915637920803,11.71875,0.616306635002597
1,2.54,486.328125,23.8009183346895,0.254693397012705,0,0.72967290462087
1,2.56,474.609375,23.482966608328,0.230174948108185,11.71875,0.752292974757479
1,2.58,474.609375,29.0906876061272,0.192947729375367,0,0.599318573743562
1,2.6,474.609375,22.089446156753,0.399203463420549,0,0.780047512844318
1,2.62,474.609375,20.0282513329326,0.140171742506948,0,0.81531368790179
1,2.64,492.1875,25.8856049021129,0.256621457767275,17.578125,0.693560329768956
1,2.66,486.328125,27.9761283164773,0.136901944822446,5.859375,0.670672927201216
1,2.68,480.46875,29.4401462004492,0.0999689200545612,5.859375,0.59608157100061
1,2.7,468.75,25.0143687805037,0.557161974907615,11.71875,0.698785414572055
1,2.72,492.1875,26.1203887968385,0.597992432243148,23.4375,0.66674572439396
1,2.74,486.328125,26.8565282479901,0.270530836536035,5.859375,0.671588835752568
1,2.76,492.1875,24.1225975048022,0.143808455216027,5.859375,0.726159201087723
1,2.78,498.046875,23.3079327224792,0.286624323834841,5.859375,0.735664032926229
1,2.8,492.1875,30.785944818704,0.0742367311413127,5.859375,0.586214115351408
1,2.82,515.625,23.5613700593094,0.83383378152735,23.4375,0.753498790827057
1,2.84,474.609375,21.8640076806109,0.758677174848545,41.015625,0.759886789690243
1,2.86,492.1875,18.3505563803327,0.311728431323961,17.578125,0.850849264421574
1,2.88,515.625,16.4708827498717,0.329588226876323,23.4375,0.879327223362105
1,2.9,486.328125,25.0530662469777,0.0944576577635724,29.296875,0.695842683351127
1,2.92,498.046875,19.6907703517818,0.667974485071547,11.71875,0.802121216633678
1,2.94,498.046875,27.0722717279871,0.0561203420241003,0,0.635679456685786
1,2.96,498.046875,26.6908492903325,0.0382776308691346,0,0.63232252697483
1,2.98,492.1875,21.5087400919963,0.200960610154716,5.859375,0.783574892301827
1,3,486.328125,23.7143620557913,0.0841839753603153,5.859375,0.714296421249845
1,3.02,486.328125,23.9801638442941,0.141517153084074,0,0.767781489188428
1,3.04,503.90625,34.769437436759,0.0781733421650253,17.578125,0.566262432760433
1,3.06,498.046875,32.7993981824724,0.020700271114608,5.859375,0.499550710982919
1,3.08,509.765625,25.6002575577231,0.316416922360886,11.71875,0.714005510496969
1,3.1,480.46875,24.9942863683052,0.259277945743486,29.296875,0.694972085637729
1,3.12,509.765625,23.5155496469508,0.125517834485357,29.296875,0.762659736279041
1,3.14,492.1875,19.6996076785273,0.163107424135412,17.578125,0.831730397515645
1,3.16,492.1875,21.5818018437161,0.0975664222711604,0,0.789317715177692
1,3.18,498.046875,22.4227267994314,0.089243033333955,5.859375,0.760571306760289
1,3.2,492.1875,24.4767294810071,0.0691274386339074,5.859375,0.684151005596263
1,3.22,498.046875,24.3429919330833,0.0654378658710193,5.859375,0.710825338550551
1,3.24,1482.421875,17.4952284277907,0.719599065120874,984.375,0.841982853833333
1,3.26,955.078125,16.7415915011547,0.896694899226981,527.34375,0.843941693294252
1,3.28,498.046875,19.7203112817914,0.548307971427815,457.03125,0.816010459006434
1,3.3,498.046875,24.0933071812198,0.205326763898978,0,0.708836366493017
1,3.32,1330.078125,13.6331672187331,0.814804121252453,832.03125,0.881618523570039
1,3.34,498.046875,17.6675717953797,0.302785545503946,832.03125,0.854159381026345
1,3.36,4435.546875,22.306306811227,0.53175742390704,3937.5,0.75371189466677
1,3.38,509.765625,20.7726503160772,0.102836020868344,3925.78125,0.807224932798907
1,3.4,2824.21875,18.8796393452134,0.594184118739529,2314.453125,0.800851400798389
1,3.42,515.625,20.4758158747625,0.44865339844635,2308.59375,0.790792491695082
1,3.44,1593.75,15.9101970993255,0.923542498533937,1078.125,0.844397045351838
1,3.46,1587.890625,18.2924464265848,0.40464467083151,5.859375,0.818671652796851
1,3.48,1593.75,14.5678758167248,0.97641352565155,5.859375,0.880808374716728
1,3.5,533.203125,16.8720113436074,0.828525106637037,1060.546875,0.854715686882578
1,3.52,515.625,18.47897352838,0.182387679661752,17.578125,0.843882729300242
1,3.54,509.765625,17.257714895262,0.411607387855805,5.859375,0.86104645786791
1,3.56,521.484375,25.1289135242812,0.109221884392197,11.71875,0.733039080092657
1,3.58,521.484375,21.825791387356,0.21119946268844,0,0.777029314101601
1,3.6,533.203125,17.7589889749648,0.482941213131182,11.71875,0.84625558315387
1,3.62,503.90625,16.2604464068615,0.536364186080795,29.296875,0.876416111803
1,3.64,2613.28125,19.4875248625855,0.58958782757386,2109.375,0.819344498005537
1,3.66,1576.171875,17.8802162361284,0.408185471004718,1037.109375,0.824219858673961
1,3.68,498.046875,15.6339296630702,0.615914848265074,1078.125,0.871174086853475
1,3.7,1552.734375,15.2132177250352,0.837569138864789,1054.6875,0.867867308270498
1,3.72,1593.75,18.5278475075557,0.253915130333803,41.015625,0.83492175650482
1,3.74,515.625,19.0044573950593,0.665329764033051,1078.125,0.809905436816949
1,3.76,1582.03125,17.341323518744,0.265048140209452,1066.40625,0.863815453973104
1,3.78,1634.765625,19.9270655709167,0.125965633110759,52.734375,0.783540216774303
1,3.8,1617.1875,16.8821757269424,0.592813580134488,17.578125,0.8461827508972
1,3.82,539.0625,18.5391231789434,0.73924694400753,1078.125,0.839090049324898
1,3.84,2589.84375,11.8118721914456,0.983108622317151,2050.78125,0.910812439421641
1,3.86,1593.75,23.2621486975824,0.282179435916976,996.09375,0.735400244782983
1,3.88,539.0625,23.5865171259654,0.277705059991847,1054.6875,0.755947942142646
1,3.9,533.203125,16.2735657004042,0.493144639388371,5.859375,0.86454912649801
1,3.92,1617.1875,19.6975149256565,0.723747226740905,1083.984375,0.804106961367024
1,3.94,1582.03125,19.5596861063407,0.730403017378005,35.15625,0.806700195035468
1,3.96,1664.0625,19.9217042112892,0.57873058604048,82.03125,0.807636267483361
1,3.98,1576.171875,23.227251856332,0.0709869571875189,87.890625,0.761613457287101
1,4,1576.171875,19.4734638663084,0.920678076896924,0,0.787999929532568
1,4.02,539.0625,22.3380725997803,0.15521680065224,1037.109375,0.777450869104807
1,4.04,1851.5625,19.6710930127064,0.861158478216316,1312.5,0.793124292060356
1,4.06,1634.765625,20.7780068739613,0.149281782876209,216.796875,0.777296818825307
1,4.08,708.984375,17.0613977937919,0.618705359052734,925.78125,0.844151718840474
1,4.1,562.5,18.7985919683597,0.327498252920615,146.484375,0.849555422423168
1,4.12,556.640625,22.8047188956593,0.38504819683585,5.859375,0.76497546379733
1,4.14,539.0625,21.1636060379053,0.454998454781369,17.578125,0.780548546418038
1,4.16,1623.046875,23.1127494920194,0.331117913335436,1083.984375,0.732351712764653
1,4.18,1664.0625,20.3035526083953,0.450271646665966,41.015625,0.806522306747783
1,4.2,1535.15625,15.6491146156935,0.930801452475957,128.90625,0.865110460395515
1,4.22,1740.234375,20.4556720109278,0.838636211727366,205.078125,0.775906511867877
1,4.24,580.078125,19.3480854582364,0.809050091577283,1160.15625,0.815097246808976
1,4.26,1582.03125,14.6597993671382,0.62083969950619,1001.953125,0.886687142606649
1,4.28,1628.90625,18.0621835996275,0.705652686837958,46.875,0.829135069776966
1,4.3,1705.078125,17.1561554007822,0.56962227534054,76.171875,0.827652191888627
1,4.32,1634.765625,17.1675003123111,0.728965380185971,70.3125,0.841967608368827
1,4.34,4406.25,13.2275039776388,0.974165188067467,2771.484375,0.891453507784697
1,4.36,1664.0625,14.1057725196197,0.516242718540669,2742.1875,0.89849067979435
1,4.38,609.375,18.49693208415,0.798298485173376,1054.6875,0.819958707999604
1,4.4,1669.921875,22.8746951033098,0.756834122805159,1060.546875,0.754860651253814
1,4.42,568.359375,20.3800640801392,0.512482887984786,1101.5625,0.797015505118904
1,4.44,568.359375,23.649938605965,0.0866739474539881,0,0.724338481455812
1,4.46,580.078125,24.748990035063,0.089593527889495,11.71875,0.705665088769873
1,4.48,562.5,22.243597403582,0.258241465503374,17.578125,0.785113475983593
1,4.5,568.359375,30.1195823799442,0.0932427742609658,5.859375,0.614738128974936
1,4.52,568.359375,34.6425280368363,0.0100565525865282,0,0.484089642451615
1,4.54,1605.46875,21.6314788798144,0.974130667718591,1037.109375,0.735182511183229
1,4.56,597.65625,27.5937519682614,0.0366445907391867,1007.8125,0.613499154394282
1,4.58,580.078125,37.8587227656604,0.0066674535429665,17.578125,0.425818640462457
1,4.6,562.5,30.9642779773799,0.0379831141533928,17.578125,0.554341378562371
1,4.62,580.078125,27.4903941258687,0.141860479478554,17.578125,0.696500811318216
1,4.64,556.640625,26.5270104102036,0.237862745048496,23.4375,0.705553390054874
1,4.66,597.65625,20.3316738468593,0.489249109374513,41.015625,0.826509215844098
1,4.68,1722.65625,25.0757320837389,0.252201790702526,1125,0.750324846707043
1,4.7,626.953125,22.7447077566919,0.690712852035917,1095.703125,0.729483102359432
1,4.72,615.234375,22.157992084095,0.669413101552053,11.71875,0.777209645617407
1,4.74,580.078125,30.9160641904986,0.0769973873987786,35.15625,0.553173778225259
1,4.76,585.9375,29.4323313248076,0.0256322218636579,5.859375,0.573871390738163
1,4.78,585.9375,31.5128617713794,0.0255025696478559,0,0.530282128987169
1,4.8,580.078125,23.0080934410738,0.129510969550953,5.859375,0.769747523267351
1,4.82,580.078125,30.8814900781832,0.0635048164917749,0,0.559175693207019
1,4.84,585.9375,34.0218841071985,0.00815495401342374,5.859375,0.458526809267214
1,4.86,626.953125,19.3662719149082,0.223992304184997,41.015625,0.83633554473272
1,4.88,580.078125,26.4292654397753,0.0566928500500864,46.875,0.638208286572168
1,4.9,580.078125,22.9694512248968,0.177149780872945,0,0.732276358426917
1,4.92,585.9375,27.7176644138915,0.0332369050477489,5.859375,0.613815992267306
1,4.94,609.375,19.4253552778461,0.28218094040476,23.4375,0.812308976200685
1,4.96,615.234375,22.7371264835308,0.11407717259085,5.859375,0.72624584226612
1,4.98,615.234375,26.848798368139,0.512867095207737,0,0.704817769806463
1,5,585.9375,29.1467328391033,0.0725573871455889,29.296875,0.608089722009374
1,5.02,597.65625,43.4105061043272,0.00974808872214863,11.71875,0.459711150712894
1,5.04,603.515625,45.0906296548132,0.00456226384787138,5.859375,0.389356128200433
1,5.06,597.65625,38.6578531491613,0.00768945769129394,5.859375,0.425590977610951
1,5.08,603.515625,35.0932896636301,0.0154514116389394,5.859375,0.493194626028686
1,5.1,603.515625,30.4990472139955,0.110961209839655,0,0.606405579716088
1,5.12,603.515625,31.646170756895,0.0564730998998998,0,0.576386448788383
1,5.14,597.65625,34.5402512872925,0.0440031400845146,5.859375,0.485720364375238
1,5.16,591.796875,30.922469213934,0.0179652682506361,5.859375,0.539645995693528
1,5.18,603.515625,21.9102415290625,0.591721071535587,11.71875,0.787841791594232
1,5.2,591.796875,25.8055192915735,0.51640576961859,11.71875,0.692555700481302
1,5.22,597.65625,27.1009854855826,0.324876844190274,5.859375,0.670030397061715
1,5.24,1828.125,23.0708729454452,0.66178934273341,1230.46875,0.724561247201075
1,5.26,1863.28125,18.9117985014257,0.505743416546204,35.15625,0.830576756886475
1,5.28,585.9375,26.1162780379361,0.125944584496912,1277.34375,0.682530772566027
1,5.3,609.375,33.9982786857725,0.0245882935364688,23.4375,0.505076416354046
1,5.32,603.515625,33.5037434080528,0.012232687864527,5.859375,0.48266338998187
1,5.34,626.953125,22.5580586077079,0.47444105765752,23.4375,0.766967132535824
1,5.36,609.375,35.2186352250976,0.0130110387634897,17.578125,0.500821388685331
1,5.38,597.65625,33.1562560276449,0.170764579512727,11.71875,0.577339920503716
1,5.4,621.09375,37.1929093511766,0.0881804652845062,23.4375,0.514795679456419
1,5.42,615.234375,29.8066955269635,0.0643164561556871,5.859375,0.575382637235528
1,5.44,603.515625,29.5271022416759,0.164901257360323,11.71875,0.614988966135152
1,5.46,603.515625,26.2943760565752,0.419332233745952,0,0.718969858441368
1,5.48,1781.25,23.1951129341928,0.505264316960983,1177.734375,0.733811060666467
1,5.5,609.375,22.3988956493168,0.86047217747402,1171.875,0.729862619079474
1,5.52,632.8125,29.4972047146855,0.16215437372266,23.4375,0.625671536185127
1,5.54,638.671875,27.4258447677958,0.545964262527623,5.859375,0.672264883526272
1,5.56,621.09375,23.8345226519795,0.96074667636005,17.578125,0.709903465041932
1,5.58,609.375,23.0825804284924,0.352772397918377,11.71875,0.723430916294394
1,5.6,615.234375,20.6921532784692,0.291362002882842,5.859375,0.798747430632671
1,5.62,621.09375,32.7876440835031,0.0355747463098759,5.859375,0.562762936113888
1,5.64,650.390625,28.0537142956326,0.0774328205668846,29.296875,0.626276547512046
1,5.66,644.53125,20.5179261979416,0.157075562383895,5.859375,0.791371848009796
1,5.68,632.8125,25.1753289282964,0.554499700872898,11.71875,0.678634243036311
1,5.7,632.8125,28.3588660580035,0.280220580063382,0,0.633413740990599
1,5.72,638.671875,22.1539556241116,0.348569396386713,5.859375,0.78858054501173
1,5.74,644.53125,23.9283218381199,0.287394629246361,5.859375,0.734164485401942
1,5.76,644.53125,21.1072105868214,0.463634286032887,0,0.748142232270902
1,5.78,632.8125,34.0213793152378,0.0181949064341034,11.71875,0.491283121004396
1,5.8,632.8125,32.4441390822531,0.014323357076044,0,0.484523408482393
1,5.82,638.671875,28.0913741601181,0.0216779226393362,5.859375,0.590283047696345
1,5.84,632.8125,26.6637017354443,0.0681426637456175,5.859375,0.667340669346527
1,5.86,626.953125,22.6919289517985,0.250579359315525,5.859375,0.780148724646429
1,5.88,644.53125,27.488045478548,0.16497909295852,17.578125,0.659483486349624
1,5.9,644.53125,22.7420704214924,0.0741265924344001,0,0.743937121812489
1,5.92,1898.4375,19.9818791588875,0.807225075268046,1253.90625,0.7979189935302
1,5.94,621.09375,26.26872689164,0.421170192458782,1277.34375,0.693828996131891
1,5.96,632.8125,24.1052244697918,0.356324593792988,11.71875,0.766844620743236
1,5.98,632.8125,23.2978018292337,0.517972561370482,0,0.739387884162489
1,6,656.25,25.1552077657228,0.410405849483579,23.4375,0.714571521916627
1,6.02,626.953125,17.6744110627011,0.2081050967706,29.296875,0.846697768299906
1,6.04,632.8125,23.2487154810667,0.223129066200861,5.859375,0.748004888653672
1,6.06,644.53125,23.3923921368865,0.158439316604524,11.71875,0.744165468268363
1,6.08,632.8125,20.1823302313908,0.540112221548322,11.71875,0.796284558110134
1,6.1,650.390625,27.9549404056706,0.0728739330333694,17.578125,0.60088011383309
1,6.12,644.53125,22.503428472191,0.496049180040286,5.859375,0.761538291717995
1,6.14,650.390625,26.6361870421336,0.120345479983631,5.859375,0.67300349500249
1,6.16,662.109375,27.3227908839022,0.0953543003996233,11.71875,0.616017261239245
1,6.18,1851.5625,21.1304627314281,0.231302406149503,1189.453125,0.789786770618356
1,6.2,1910.15625,24.8805201810823,0.308786698876103,58.59375,0.72519502396878
1,6.22,1916.015625,23.4390343311659,0.245953696893951,5.859375,0.760063994756403
1,6.24,667.96875,15.7906054575837,0.622651998093015,1248.046875,0.867641658725243
1,6.26,691.40625,19.2070290060101,0.189969276194793,23.4375,0.821610571855378
1,6.28,667.96875,21.7227930563325,0.100173497320494,23.4375,0.789692255734451
1,6.3,960.9375,17.2609158100276,0.879527645960148,292.96875,0.836953573911815
1,6.32,685.546875,16.8919716445136,0.784043562112028,275.390625,0.835272744836893
1,6.34,679.6875,16.3459390302136,0.639107499792627,5.859375,0.840966567029905
1,6.36,679.6875,21.9145075602766,0.201666896593027,0,0.794312326308194
1,6.38,685.546875,17.9178838239731,0.250142488341072,5.859375,0.848405634829427
1,6.4,667.96875,19.6469167825427,0.408851744887909,17.578125,0.805781601363001
1,6.42,486.328125,18.8120122657767,0.853354421990522,181.640625,0.816351159198916
1,6.44,785.15625,15.9524866009231,0.996686571389231,298.828125,0.850560514956838
1,6.46,667.96875,25.2876180320772,0.131477959190602,117.1875,0.727296021627781
1,6.48,685.546875,23.2108048825796,0.365519963529547,17.578125,0.745496758394792
1,6.5,708.984375,20.5074103984104,0.313907002509689,23.4375,0.815215247896464
1,6.52,673.828125,20.2296222401719,0.302814170996142,35.15625,0.815570317209353
1,6.54,691.40625,20.9692511787509,0.417397819942126,17.578125,0.789824275201876
1,6.56,691.40625,21.1983105268566,0.54827604692097,0,0.794326784395364
1,6.58,708.984375,19.9118978783534,0.89808743398504,17.578125,0.806768250717193
1,6.6,673.828125,15.2510720369915,0.895623555486467,35.15625,0.877989300753606
1,6.62,685.546875,19.6983864050708,0.502992401648011,11.71875,0.80492412710692
1,6.64,750,23.5096583054148,0.620156543371451,64.453125,0.727513954843176
1,6.66,720.703125,29.0145809164976,0.258915154036833,29.296875,0.65415850784473
1,6.68,708.984375,20.2066586640702,0.633345694266571,11.71875,0.810495480326714
1,6.7,638.671875,22.4557426796821,0.582698481235598,70.3125,0.770215491142546
1,6.72,708.984375,24.3483570310477,0.405189940368713,70.3125,0.750773337651371
1,6.74,691.40625,26.0776340425404,0.552233907071223,17.578125,0.699665108076719
1,6.76,738.28125,19.4086071381271,0.935878873259425,46.875,0.802080992715044
1,6.78,697.265625,24.2580210164268,0.105991470458015,41.015625,0.711733099959212
1,6.8,673.828125,20.9643805242825,0.576548116155624,23.4375,0.777114752092444
1,6.82,644.53125,18.617891708964,0.428737171178449,29.296875,0.795684881539634
1,6.84,673.828125,22.8966690056247,0.184116845963755,29.296875,0.719444706205555
1,6.86,667.96875,22.7535617398561,0.143192103330955,5.859375,0.780028057274062
1,6.88,644.53125,18.5678286940373,0.595108625992532,23.4375,0.814119162634215
1,6.9,726.5625,18.4864578348846,0.266784547514108,82.03125,0.843127775361693
1,6.92,726.5625,24.2121249292124,0.168291895579673,0,0.743105931799279
1,6.94,2185.546875,20.2141968584264,0.825677064086946,1458.984375,0.813837302879314
1,6.96,703.125,19.4248336666081,0.771685180283428,1482.421875,0.80564199901547
1,6.98,720.703125,23.0436907810014,0.439011322834983,17.578125,0.802447997680456
1,7,2173.828125,17.0302468208406,0.945833957981848,1453.125,0.855151587060599
1,7.02,767.578125,18.8562706010924,0.838916134941473,1406.25,0.80805464441966
1,7.04,2185.546875,17.8819210778006,0.913915620201173,1417.96875,0.814577053642753
1,7.06,498.046875,14.8286075869052,0.995953902234168,1687.5,0.861543592399861
1,7.08,2589.84375,14.1358488122116,0.972043781972249,2091.796875,0.876629981468482
1,7.1,726.5625,23.8943584938504,0.503225827408986,1863.28125,0.768260279558142
1,7.12,703.125,20.114716611216,0.510968823911257,23.4375,0.792299245803088
1,7.14,726.5625,22.7888350560421,0.25583910873805,23.4375,0.77017664065758
1,7.16,726.5625,22.4066354808913,0.396636551174591,0,0.786005195885147
1,7.18,380.859375,17.1583160924744,0.913230206199237,345.703125,0.84665273371731
1,7.2,720.703125,19.6139600841545,0.363177040478029,339.84375,0.814647982654489
1,7.22,732.421875,15.3037185008338,0.517255841761527,11.71875,0.888774916659637
1,7.24,726.5625,17.0604228810733,0.895416950449703,5.859375,0.844055982962133
1,7.26,744.140625,30.4200371956231,0.131437395426322,17.578125,0.640164449091143
1,7.28,732.421875,28.0941118902675,0.071286758734659,11.71875,0.652250199703636
1,7.3,744.140625,22.4281770586418,0.521931671967486,11.71875,0.758072987918276
1,7.32,744.140625,21.9730797116318,0.225731558600366,0,0.779468785413281
1,7.34,732.421875,24.0911549780289,0.164240460881995,11.71875,0.736242027737304
1,7.36,755.859375,19.0671247570971,0.194480838364251,23.4375,0.844272005878102
1,7.38,2156.25,19.171114914777,0.710468531562566,1400.390625,0.836027792497102
1,7.4,2156.25,20.4876168791832,0.506375874943532,0,0.809946316024097
1,7.42,708.984375,19.879547619715,0.865216206995682,1447.265625,0.821518186177958
1,7.44,744.140625,33.2092855902208,0.0595815897667064,35.15625,0.573906460931072
1,7.46,744.140625,23.5612626765185,0.155332861983086,0,0.73715745756098
1,7.48,732.421875,21.2152930781067,0.210679034896143,11.71875,0.799740788205676
1,7.5,621.09375,22.7693162338738,0.896291549175375,111.328125,0.770765568867966
1,7.52,837.890625,16.1725984438096,0.818898513842617,216.796875,0.856545916747333
1,7.54,785.15625,16.6396931591377,0.838402350366664,52.734375,0.847937335083236
1,7.56,779.296875,21.1490209933777,0.765029712775361,5.859375,0.802264579027431
1,7.58,820.3125,16.5416649181921,0.550478521424124,41.015625,0.863370893476752
1,7.6,2472.65625,17.3398825775632,0.861609371242053,1652.34375,0.830015629971474
1,7.62,744.140625,19.4462962106491,0.19936116396984,1728.515625,0.815114372190183
1,7.64,785.15625,27.8775709944084,0.0232567536933906,41.015625,0.575764401583859
1,7.66,791.015625,25.0594420776549,0.129856058489686,5.859375,0.685630460055011
1,7.68,750,23.2555489300954,0.436857987798933,41.015625,0.755245415416431
1,7.7,779.296875,29.960825518272,0.0777774572804624,29.296875,0.612737333287265
1,7.72,755.859375,25.9736551420653,0.0652257198372005,23.4375,0.687879226725584
1,7.74,779.296875,25.4411788768866,0.0564755495760165,23.4375,0.714441653677013
1,7.76,755.859375,22.8612293640473,0.10618211505951,23.4375,0.745681658103398
1,7.78,726.5625,20.6726775249503,0.428795773370759,29.296875,0.799533566759062
1,7.8,791.015625,15.2807578966832,0.604323316715212,64.453125,0.874723411266981
1,7.82,785.15625,18.3814837011547,0.612415875691044,5.859375,0.844696125314492
1,7.84,796.875,24.4440331821309,0.496632700966222,11.71875,0.734864778933721
1,7.86,802.734375,23.8733015179424,0.184706331280365,5.859375,0.745373719098807
1,7.88,767.578125,19.9265559395597,0.264732237129863,35.15625,0.812414710388486
1,7.9,1904.296875,17.8622218654868,0.592127148592456,1136.71875,0.848483596697526
1,7.92,802.734375,21.9439009974583,0.242353184265113,1101.5625,0.79741636037735
1,7.94,808.59375,17.2505476566989,0.531069432966678,5.859375,0.846470589649549
1,7.96,363.28125,14.5710455405009,0.428514770483452,445.3125,0.897864962835486
1,7.98,826.171875,20.2909477838137,0.561872114843187,462.890625,0.805735992858571
1,8,820.3125,30.5410371182428,0.115022833907151,5.859375,0.637119577928057
1,8.02,1746.09375,24.1645280853102,0.757616082977748,925.78125,0.707098982696891
1,8.04,802.734375,23.6163535274009,0.344988550880046,943.359375,0.752083227609302
1,8.06,2466.796875,16.2826544689768,0.905839503076517,1664.0625,0.854582114063187
1,8.08,826.171875,17.7096189575884,0.585473062016346,1640.625,0.85107131454425
1,8.1,796.875,22.1802436155785,0.158734457718977,29.296875,0.784032231153846
1,8.12,843.75,24.0958930206381,0.106886293519143,46.875,0.76354706290823
1,8.14,837.890625,29.0218243002456,0.0986195532704191,5.859375,0.641377316865883
1,8.16,808.59375,30.3712968678337,0.0868323188279631,29.296875,0.611000984602636
1,8.18,814.453125,16.0127066036109,0.835188596340704,5.859375,0.858087036681921
1,8.2,808.59375,13.0720522208999,0.75722133089162,5.859375,0.884225471788092
1,8.22,826.171875,21.0571711329847,0.140462666380701,17.578125,0.80822326468287
1,8.24,802.734375,17.3994225585431,0.896782136588816,23.4375,0.833078810851271
1,8.26,949.21875,19.9743511211085,0.644490238681128,146.484375,0.805688086347902
1,8.28,855.46875,18.7739520555692,0.484584810402877,93.75,0.838590397063516
1,8.3,2583.984375,18.7280669288928,0.963023903052448,1728.515625,0.822829359165779
1,8.32,814.453125,19.89695423306,0.383145519916009,1769.53125,0.817279149331856
1,8.34,820.3125,19.0949524156573,0.196300900968733,5.859375,0.83962406008727
1,8.36,761.71875,21.9926126751863,0.233099424745654,58.59375,0.78168737083981
1,8.38,2636.71875,21.1227857566331,0.74023548617393,1875,0.779599306647301
1,8.4,949.21875,18.3549487727103,0.890342760267008,1687.5,0.811861321887037
1,8.42,779.296875,23.9636661113619,0.464518186116401,169.921875,0.785645314294106
1,8.44,2607.421875,19.2208169874181,0.337460619327992,1828.125,0.829777992064713
1,8.46,779.296875,17.3218405833405,0.479809457684801,1828.125,0.807082728385322
1,8.48,861.328125,17.9546123039425,0.30078458782484,82.03125,0.847323716513447
1,8.5,791.015625,17.6947994172735,0.648348762384036,70.3125,0.850800868514765
1,8.52,779.296875,19.4795627453827,0.871530282620348,11.71875,0.80423352084184
1,8.54,837.890625,19.1811783498858,0.396261209125326,58.59375,0.842751529476271
1,8.56,802.734375,22.7374086289263,0.0695665665810227,35.15625,0.754851887335726
1,8.58,2607.421875,19.3417836587002,0.326582725370511,1804.6875,0.809394259733966
1,8.6,2578.125,15.8617120049303,0.310732329945717,29.296875,0.892309469706809
1,8.62,2771.484375,14.2121209946209,0.71398493296987,193.359375,0.879938050093104
1,8.64,2806.640625,17.4047958050596,0.534311946250885,35.15625,0.845997849506446
1,8.66,972.65625,19.4658341748547,0.585794036788743,1833.984375,0.81713982474325
1,8.68,990.234375,20.8014255206642,0.644073536610785,17.578125,0.788218872660494
1,8.7,4927.734375,16.4564571752788,0.982973396264548,3937.5,0.839657979371295
1,8.72,4904.296875,13.7267653658013,0.839118439091325,23.4375,0.886234633129698
1,8.74,2660.15625,18.3238575229299,0.575212265931762,2244.140625,0.817057971169809
1,8.76,2648.4375,16.42800943742,0.685775977226579,11.71875,0.861852872205946
1,8.78,1142.578125,17.5984779962541,0.908427784545923,1505.859375,0.84078130822768
1,8.8,2601.5625,13.7633457103071,0.594525941880877,1458.984375,0.902708405515649
1,8.82,843.75,19.9017624904707,0.292261501266266,1757.8125,0.811966439866688
1,8.84,849.609375,14.6227244673942,0.901499035754405,5.859375,0.869030462485413
1,8.86,4435.546875,12.3234829458296,0.613616850782802,3585.9375,0.909217251059762
1,8.88,2824.21875,12.9817942232751,0.867913264956308,1611.328125,0.891067004767901
1,8.9,2654.296875,17.5989149061353,0.916634356034534,169.921875,0.819980744943733
1,8.92,949.21875,27.2296148500181,0.158137002702414,1705.078125,0.709767936943178
1,8.94,937.5,25.9807375956686,0.162540876859875,11.71875,0.722215272011985
1,8.96,2185.546875,15.1201735195886,0.882723273439361,1248.046875,0.865115809781932
1,8.98,767.578125,14.484069114985,0.584516868244654,1417.96875,0.87633089984572
1,9,773.4375,21.3503740768683,0.253338430836227,5.859375,0.788210264694409
1,9.02,767.578125,20.1033368312368,0.211351575937996,5.859375,0.78136783401897
1,9.04,1054.6875,16.4750713349511,0.944302197928466,287.109375,0.845573354132551
1,9.06,2578.125,21.0935584017327,0.580119351889707,1523.4375,0.813730219342331
1,9.08,2800.78125,19.219185203833,0.429065093461583,222.65625,0.833694915892302
1,9.1,2794.921875,22.8475377521358,0.499730161963098,5.859375,0.741568255386091
1,9.12,861.328125,13.7773704586098,0.660624334409982,1933.59375,0.898743475447983
1,9.14,966.796875,23.9041753182864,0.190593348947937,105.46875,0.748162361139359
1,9.16,990.234375,24.1176815175236,0.286177133043025,23.4375,0.765655655655639
1,9.18,990.234375,20.4890273631509,0.831881994364802,0,0.790907738860874
1,9.2,351.5625,14.2417191425915,0.703679841119924,638.671875,0.877618074138484
1,9.22,990.234375,17.2890953932882,0.629795745135616,638.671875,0.83594128528314
1,9.24,357.421875,14.2496500109885,0.466958575021026,632.8125,0.890594653754526
1,9.26,2900.390625,13.9333703723701,0.678246460695976,2542.96875,0.886100242266437
1,9.28,990.234375,16.9701981920983,0.490921726727999,1910.15625,0.859179717418446
1,9.3,990.234375,18.9754734548119,0.509218455471206,0,0.815270902956615
1,9.32,978.515625,22.7689157408909,0.145250442975632,11.71875,0.739648978937124
1,9.34,984.375,18.9867924973152,0.46265726082614,5.859375,0.832303417961689
1,9.36,2472.65625,17.7271193729725,0.758762748726254,1488.28125,0.80911252757856
1,9.38,972.65625,16.6114062343704,0.902458812475271,1500,0.853722993600641
1,9.4,990.234375,19.881784540104,0.521228366949836,17.578125,0.818350994958361
1,9.42,990.234375,20.4423042197823,0.595594615902602,0,0.817808569217142
1,9.44,1318.359375,17.7701141338458,0.482611773289638,328.125,0.837416518401616
1,9.46,2953.125,18.2112744670403,0.723384093697637,1634.765625,0.835366477771445
1,9.48,1037.109375,19.0584535159387,0.241238133601128,1916.015625,0.848154997799273
1,9.5,1037.109375,22.125819430927,0.165885490515353,0,0.775206638767603
1,9.52,2847.65625,26.4479524486933,0.711665525762583,1810.546875,0.72477841066928
1,9.54,2818.359375,18.1065987069443,0.573739997215776,29.296875,0.844965259178964
1,9.56,1048.828125,18.2702215432238,0.855091863930238,1769.53125,0.82663132028728
1,9.58,3796.875,11.5650870720644,0.878373158327298,2748.046875,0.899602844049782
1,9.6,1037.109375,14.7930443547313,0.413452176185153,2759.765625,0.893603675157456
1,9.62,1042.96875,26.6124961509922,0.26192901824374,5.859375,0.697097105765351
1,9.64,978.515625,19.1296352825138,0.845875680644531,64.453125,0.807881566561366
1,9.66,1130.859375,17.9394337473515,0.684155321993575,152.34375,0.831155558513058
1,9.68,1060.546875,16.006238648628,0.911842411521331,70.3125,0.861997531997446
1,9.7,4775.390625,21.2906108394579,0.536270408870409,3714.84375,0.798817226547582
1,9.72,4576.171875,17.267741188736,0.616648904750663,199.21875,0.848957443212891
1,9.74,2806.640625,18.8856900110365,0.784556917322823,1769.53125,0.80854285832651
1,9.76,1042.96875,19.1695286951202,0.257792039876289,1763.671875,0.835217894237628
1,9.78,3240.234375,15.2706809825798,0.489236970834586,2197.265625,0.886362005866012
1,9.8,3041.015625,13.4335956168484,0.863381390156237,199.21875,0.902849257094332
1,9.82,1611.328125,19.5215408467189,0.648873802838249,1429.6875,0.818150731548057
1,9.84,1177.734375,16.3739191881738,0.850086745989474,433.59375,0.857083241043737
1,9.86,1130.859375,18.1468088422709,0.590059811377381,46.875,0.839546793127665
1,9.88,1130.859375,16.4088928337707,0.559307466077529,0,0.877502097003839
1,9.9,1136.71875,24.1842149394951,0.40256870805783,5.859375,0.720777597401026
1,9.92,1054.6875,23.0222089677072,0.375498323756539,82.03125,0.740116648059491
1,9.94,1107.421875,17.7010893665096,0.749824314354813,52.734375,0.838282186341983
1,9.96,1119.140625,19.4791934271974,0.599870597653539,11.71875,0.804917634290508
1,9.98,3685.546875,18.1097483544071,0.733458757835538,2566.40625,0.810852317544675
1,10,1154.296875,21.989930434154,0.808605890500774,2531.25,0.753956968589955
1,10.02,1183.59375,23.7320232106397,0.583341304247907,29.296875,0.76250075183518
1,10.04,1171.875,15.5259266300092,0.821152360594779,11.71875,0.854868474128246
1,10.06,1171.875,13.9198615623022,0.666088532021622,0,0.882932955563699
1,10.08,322.265625,17.2433742891651,0.883261953629645,849.609375,0.847079446653176
1,10.1,1119.140625,17.5232421362328,0.621782005801978,796.875,0.830379590013185
1,10.12,1189.453125,16.8631961850329,0.80890323100984,70.3125,0.84242007200152
1,10.14,1148.4375,13.3887261619058,0.86089828677436,41.015625,0.89278648957972
1,10.16,1171.875,15.8082842313161,0.513306343030572,23.4375,0.8753019195311
1,10.18,1177.734375,16.3934125937515,0.685554635601281,5.859375,0.857479723347106
1,10.2,1189.453125,13.0622335292123,0.677357014657918,11.71875,0.898269259020375
1,10.22,1125,12.6120233146288,0.861493138140434,64.453125,0.904611634053766
1,10.24,1623.046875,17.6606258446673,0.942087404778015,498.046875,0.822628586802491
1,10.26,1177.734375,18.4548608628187,0.475556762375136,445.3125,0.840729642532069
1,10.28,1183.59375,19.5302275618329,0.78647930795476,5.859375,0.808988946785796
1,10.3,1839.84375,14.8467375483948,0.586276291160574,656.25,0.878645381913322
1,10.32,966.796875,22.2880223792866,0.631160907118753,873.046875,0.739715758591671
1,10.34,1001.953125,20.7146659324347,0.653678283068709,35.15625,0.791700915377347
1,10.36,1248.046875,24.4277383928778,0.504886539669192,246.09375,0.726679401060578
1,10.38,1183.59375,27.4729543445947,0.109592980537628,64.453125,0.638856055026348
1,10.4,1248.046875,20.7555521199667,0.656367437158864,64.453125,0.808459830062691
1,10.42,1171.875,24.2291384874136,0.206607131590976,76.171875,0.740452357392986
1,10.44,1177.734375,27.8833004502503,0.352957798216118,5.859375,0.638013037683711
1,10.46,1183.59375,23.8869734780743,0.188412545110422,5.859375,0.738402763382373
1,10.48,1195.3125,19.0268014961723,0.412985878007663,11.71875,0.834896166451342
1,10.5,3369.140625,23.3715821056217,0.953760555695803,2173.828125,0.720234513748525
1,10.52,1376.953125,21.0746469258593,0.25508942204647,1992.1875,0.794231012506201
1,10.54,1371.09375,22.96175502184,0.328013186345363,5.859375,0.790708293088639
1,10.56,1300.78125,20.8663811776896,0.435015906417612,70.3125,0.794910549784162
1,10.58,1664.0625,22.6665716510072,0.56716289044689,363.28125,0.75915641571956
1,10.6,1306.640625,20.1300835960444,0.450145895940796,357.421875,0.80475854216251
1,10.62,1212.890625,20.6344403879208,0.960560442436074,93.75,0.774419704994435
1,10.64,1148.4375,26.4426783039573,0.801849866340401,64.453125,0.680182354411447
1,10.66,1212.890625,23.0852013746813,0.276540333351391,64.453125,0.74572113173677
1,10.68,2039.0625,18.933367471928,0.5172769925562,826.171875,0.817536263059421
1,10.7,1171.875,19.7788524060415,0.315251697040847,867.1875,0.817451170448764
1,10.72,1248.046875,16.8592212647457,0.572665637718429,76.171875,0.844964668680439
1,10.74,4787.109375,13.836944039209,0.856718919992249,3539.0625,0.873265677224525
1,10.76,1652.34375,26.4078112346569,0.0827429684293205,3134.765625,0.668509603935843
1,10.78,1382.8125,15.9052075259343,0.825380138800039,269.53125,0.862539160364694
1,10.8,1324.21875,19.0568999434734,0.541777946223045,58.59375,0.819507786766055
1,10.82,1318.359375,23.4280875045728,0.179261381618794,5.859375,0.70540852163133
1,10.84,1218.75,17.0027667509551,0.703440085170468,99.609375,0.857639303598137
1,10.86,1382.8125,20.297963220255,0.781911284970104,164.0625,0.807685989100141
1,10.88,1218.75,20.4841116077987,0.871570823162786,164.0625,0.806357289580733
1,10.9,3410.15625,18.8411648449998,0.441331301401952,2191.40625,0.826134259379576
1,10.92,1740.234375,22.8436942557328,0.89388775851426,1669.921875,0.743923443261446
1,10.94,1394.53125,19.2794452796538,0.22364093542193,345.703125,0.844013475097939
1,10.96,1716.796875,24.0145918035681,0.526006802718843,322.265625,0.741759561478952
1,10.98,1904.296875,20.3327212428947,0.6585261682815,187.5,0.797034927710439
1,11,1125,19.196377555793,0.789444073064554,779.296875,0.824664797201892
1,11.02,1382.8125,18.3722465201671,0.353028700461064,257.8125,0.823517254698434
1,11.04,1183.59375,16.8445094812027,0.657137551614984,199.21875,0.845980312538134
1,11.06,375,14.9072560229478,0.972378716711716,808.59375,0.868454401312197
1,11.08,1142.578125,16.4618116636415,0.622226918700093,767.578125,0.852155253841001
1,11.1,1634.765625,21.9486660404251,0.389938319247286,492.1875,0.750099981572513
1,11.12,392.578125,18.1349750487958,0.882023900003433,1242.1875,0.835499277071697
1,11.14,4236.328125,24.8818487587889,0.254386740833798,3843.75,0.758104477828081
1,11.16,1400.390625,25.4877939064047,0.901835105324671,2835.9375,0.731785248922481
1,11.18,1746.09375,21.5199289710333,0.90487783490619,345.703125,0.785926165695411
1,11.2,1664.0625,18.4093824937062,0.990855174442195,82.03125,0.824031349789655
1,11.22,1388.671875,16.1718352124885,0.999168836756053,275.390625,0.844831518996252
1,11.24,1388.671875,27.4054613945201,0.386849781622543,0,0.719296762326778
1,11.26,1312.5,20.7369296458426,0.608618293129558,76.171875,0.795525650723762
1,11.28,1048.828125,21.5463388001487,0.652503844270269,263.671875,0.810460757120993
1,11.3,1400.390625,26.6305228076342,0.880780205428081,351.5625,0.687474995324085
1,11.32,1470.703125,21.8573253564198,0.515084435581532,70.3125,0.783921494965965
1,11.34,4230.46875,23.1373615703036,0.501898839395827,2759.765625,0.766128964109018
1,11.36,1423.828125,18.2917996272133,0.558689066915119,2806.640625,0.811550724811717
1,11.38,3925.78125,19.3054908208574,0.560938546341061,2501.953125,0.828472629592124
1,11.4,3925.78125,22.5352945716508,0.17563165821105,0,0.799772280112803
1,11.42,1312.5,18.2053427482023,0.409458250245625,2613.28125,0.851505055620555
1,11.44,1857.421875,15.0553321835786,0.452123033794917,544.921875,0.878275566858751
1,11.46,4833.984375,13.0963438864042,0.954461640501826,2976.5625,0.884828403283757
1,11.48,1664.0625,14.2619435248186,0.387211687807511,3169.921875,0.905853948385586
1,11.5,1880.859375,18.5654032830607,0.786094900290874,216.796875,0.814351758955352
1,11.52,1664.0625,22.3292661050395,0.477867576755086,216.796875,0.766956322998976
1,11.54,1628.90625,21.2757804760721,0.21758195262948,35.15625,0.800143285877038
1,11.56,1681.640625,28.7194840361904,0.358292267063879,52.734375,0.635207741378391
1,11.58,1664.0625,25.1419456943156,0.253501759021309,17.578125,0.760805778299911
1,11.6,1710.9375,27.056006395335,0.733031502029925,46.875,0.727701571863465
1,11.62,1687.5,28.1710770637594,0.129672181907389,23.4375,0.623645376723204
1,11.64,1640.625,28.9579570249458,0.100465140056643,46.875,0.622463170216533
1,11.66,1699.21875,22.1114333613478,0.160171672655483,58.59375,0.747021523169004
1,11.68,1652.34375,22.0447979678349,0.398634196812675,46.875,0.790057524938153
1,11.7,1664.0625,17.2089834282244,0.840760020222704,11.71875,0.846814102321433
1,11.72,1822.265625,22.4302848528919,0.559246103538524,158.203125,0.732379736699786
1,11.74,322.265625,15.4748837387759,0.998673705529891,1500,0.856330974304531
1,11.76,1652.34375,27.0195088357032,0.242662438215136,1330.078125,0.674313393587642
1,11.78,2419.921875,19.8516473613933,0.759450127928645,767.578125,0.811114055456714
1,11.8,1804.6875,19.6608099164585,0.778508753861005,615.234375,0.796487884447357
1,11.82,1869.140625,19.7545335520383,0.828353459061351,64.453125,0.797377822107911
1,11.84,2226.5625,16.0309166821564,0.848595482982527,357.421875,0.843998391851602
1,11.86,1593.75,26.6236488859045,0.482017739690787,632.8125,0.68009046859579
1,11.88,1904.296875,13.3693418717742,0.851108290798376,310.546875,0.892153212646847
1,11.9,1886.71875,17.1115004196475,0.808863114676086,17.578125,0.862786980571608
1,11.92,1845.703125,25.563243128349,0.378176711797741,41.015625,0.698288825282991
1,11.94,1916.015625,20.6628366817682,0.20966715965892,70.3125,0.785838255441578
1,11.96,304.6875,19.1381878656925,0.745484102368066,1611.328125,0.836422714568198
1,11.98,1640.625,25.7645067247045,0.790565938215278,1335.9375,0.724361665609068
1,12,1576.171875,23.354128453563,0.606385950947314,64.453125,0.762607742367227
1,12.02,1394.53125,17.08401536559,0.543739709994827,181.640625,0.858862213251167
1,12.04,1734.375,27.7247601979489,0.290051190142456,339.84375,0.659421325609286
1,12.06,1728.515625,28.6312206512422,0.209338244023435,5.859375,0.641984151819211
1,12.08,1751.953125,24.2554471447383,0.515830445504958,23.4375,0.699345115991304
1,12.1,1740.234375,26.65061291064,0.130242487782853,11.71875,0.657123103831865
1,12.12,1869.140625,26.9076135354506,0.517109940719215,128.90625,0.702681421607816
1,12.14,1705.078125,19.9447200758645,0.757756340805159,164.0625,0.818881707492353
1,12.16,1828.125,22.1237964545961,0.410166781640593,123.046875,0.749943659433926
1,12.18,1792.96875,18.9151509079087,0.87960597108872,35.15625,0.831270432304985
1,12.2,1763.671875,15.2959892465631,0.843175391205968,29.296875,0.864602655129412
1,12.22,1833.984375,15.5498418230099,0.618608045283651,70.3125,0.879775083593027
1,12.24,1892.578125,22.2777759082968,0.171476467289405,58.59375,0.744278424739041
1,12.26,1910.15625,25.3393863461057,0.0664755143728592,17.578125,0.696152471857184
1,12.28,1687.5,32.767445299955,0.41797762750949,222.65625,0.603416078430003
1,12.3,1705.078125,23.9372141324339,0.579274041528477,17.578125,0.761999076008785
1,12.32,1681.640625,20.2776620679013,0.543369086413367,23.4375,0.81593526726585
1,12.34,1710.9375,19.6679419421546,0.81904259729978,29.296875,0.807893098881319
1,12.36,1160.15625,13.0860036341235,0.95912065080704,550.78125,0.893139234450957
1,12.38,2390.625,20.2673168415063,0.666002001139445,1230.46875,0.795627600958435
1,12.4,1599.609375,25.9017350993443,0.189055605485781,791.015625,0.717332560887342
1,12.42,1582.03125,19.9775428749343,0.301538396354071,17.578125,0.816905241922135
1,12.44,1353.515625,19.933643388283,0.641915905950114,228.515625,0.827049480919211
1,12.46,1804.6875,15.5317850337172,0.954644420169931,451.171875,0.867251448767483
1,12.48,978.515625,20.1381045210333,0.636303673203645,826.171875,0.807520418650726
1,12.5,380.859375,20.1631122730848,0.415471227210281,597.65625,0.813171513082448
1,12.52,369.140625,15.5472873772174,0.554730254423975,11.71875,0.890584048398791
1,12.54,2601.5625,15.4089157646494,0.818833302832147,2232.421875,0.86916282445519
1,12.56,363.28125,17.6462504730208,0.714255868760979,2238.28125,0.852979472696402
1,12.58,333.984375,18.8378756443207,0.326547228079899,29.296875,0.819648583779288
1,12.6,380.859375,19.3355132185279,0.359806722676417,46.875,0.843807990619171
1,12.62,2783.203125,19.9140077908861,0.451425671457396,2402.34375,0.802062075335463
1,12.64,1693.359375,23.0323517244679,0.575432591180979,1089.84375,0.722217275608328
1,12.66,1728.515625,24.8740072848541,0.160406177943545,35.15625,0.721410353907864
1,12.68,1904.296875,15.9765161865377,0.652132178546896,175.78125,0.876073318487447
1,12.7,1851.5625,15.8627036656146,0.786596538690356,52.734375,0.855887215594679
1,12.72,2783.203125,19.7002649245522,0.556133349651681,931.640625,0.802547634556443
1,12.74,333.984375,17.4661618353619,0.596210378917065,2449.21875,0.854669544028596
1,12.76,345.703125,15.4730133145852,0.502633879160361,11.71875,0.883985472229032
1,12.78,1863.28125,19.0206701254469,0.496533955967651,1517.578125,0.823289594323824
1,12.8,351.5625,16.8987111902107,0.600345033944467,1511.71875,0.852598283072018
1,12.82,345.703125,19.9450708212717,0.741115904100002,5.859375,0.826402681834927
1,12.84,351.5625,22.3273231376448,0.974108043190873,5.859375,0.753299978946542
1,12.86,304.6875,16.0293032480693,0.984658436633419,46.875,0.848823179050993
1,12.88,2466.796875,17.6292808319536,0.81119030702841,2162.109375,0.82726659556002
1,12.9,2748.046875,23.0535025044361,0.720890307637888,281.25,0.745035638778567
1,12.92,2654.296875,29.2291817095923,0.52512954620655,93.75,0.653708949623626
1,12.94,4447.265625,18.5781335838432,0.908346060085057,1792.96875,0.814267869298837
1,12.96,4447.265625,17.3891934868766,0.40363999672711,0,0.853795275532835
1,12.98,1693.359375,23.207283350134,0.581023223997767,2753.90625,0.75220834308916
1,13,1646.484375,24.8072848779471,0.463353484447812,46.875,0.701643316986033
1,13.02,2197.265625,21.9665025702214,0.42517498379926,550.78125,0.786138341457844
1,13.04,2167.96875,24.7749516977061,0.229681997526634,29.296875,0.747119117590157
1,13.06,1605.46875,22.2867159408902,0.818373214099464,562.5,0.786310859397477
1,13.08,1863.28125,26.1458264130629,0.254978929539294,257.8125,0.68082925940987
1,13.1,2185.546875,21.3134586517295,0.960092969099155,322.265625,0.776210598334087
1,13.12,1857.421875,22.8528229204567,0.281752002127897,328.125,0.786390950523794
1,13.14,1839.84375,20.9319787856309,0.231532052497451,17.578125,0.811234118112016
1,13.16,2578.125,18.294069628159,0.723642814262757,738.28125,0.827123973428142
1,13.18,1183.59375,17.4320324003428,0.73596488788537,1394.53125,0.840066220320269
1,13.2,345.703125,14.9208952057283,0.986620192011637,837.890625,0.867684957260365
1,13.22,2601.5625,21.4385964754339,0.784573757067999,2255.859375,0.789568867135692
1,13.24,1218.75,19.4325446192141,0.779298140525848,1382.8125,0.80159430241316
1,13.26,1687.5,25.8846216773386,0.491393561053316,468.75,0.714619663594386
1,13.28,1898.4375,22.8804388637586,0.394737473079336,210.9375,0.757495897226347
1,13.3,1898.4375,16.4692049302713,0.901596267009675,0,0.849680625189555
1,13.32,1816.40625,15.2359048084373,0.955198425734137,82.03125,0.867767275616602
1,13.34,2818.359375,19.0915858416062,0.23943851505473,1001.953125,0.798449381566612
1,13.36,2824.21875,19.396997582847,0.335866736805517,5.859375,0.813415964229557
1,13.38,345.703125,18.516496641095,0.584470330226641,2478.515625,0.838806187154581
1,13.4,333.984375,14.294471537322,0.664457975357214,11.71875,0.890353726282464
1,13.42,2771.484375,18.7513100123385,0.613567015537472,2437.5,0.822006740784545
1,13.44,2419.921875,14.3116997910162,0.764162725953536,351.5625,0.88031329744454
1,13.46,4605.46875,16.5009493642334,0.75540176641966,2185.546875,0.85880217877091
1,13.48,322.265625,15.2649075038355,0.661354541150816,4283.203125,0.872665058322136
1,13.5,1628.90625,18.209285940608,0.312094477846973,1306.640625,0.82405747959358
1,13.52,1810.546875,14.0700495122197,0.74797978389894,181.640625,0.886650737073035
1,13.54,333.984375,19.4926045587695,0.341041914334069,1476.5625,0.810162534992146
1,13.56,328.125,20.6123971681987,0.181575244139456,5.859375,0.786763463381746
1,13.58,351.5625,22.6183946033019,0.179121533556682,23.4375,0.772951232743925
1,13.6,310.546875,23.0489729669119,0.184075003944588,41.015625,0.721948879119316
1,13.62,357.421875,19.0932947883473,0.312213490535372,46.875,0.838248783220867
1,13.64,351.5625,19.0292084623099,0.521402955924434,5.859375,0.822799923997667
1,13.66,333.984375,21.9218377482523,0.177282229165911,17.578125,0.762542134613245
1,13.68,351.5625,19.5871653996939,0.26460170846605,17.578125,0.82601601815985
1,13.7,363.28125,15.6750115935882,0.291900619505981,11.71875,0.882070970663336
1,13.72,357.421875,17.3092271332686,0.200613822687504,5.859375,0.868038540921801
1,13.74,2818.359375,26.9835857258153,0.553620219718925,2460.9375,0.686883445988823
1,13.76,357.421875,20.5389262280686,0.419754038844757,2460.9375,0.808842838572508
1,13.78,2677.734375,21.1772380764244,0.740467313205257,2320.3125,0.794518641319731
1,13.8,3076.171875,25.0509489819221,0.501011637033078,398.4375,0.74506438682351
1,13.82,351.5625,15.7156183440671,0.627413041866171,2724.609375,0.8696981750368
1,13.84,1658.203125,23.5673868017523,0.0993406586229033,1306.640625,0.690206359541302
1,13.86,369.140625,15.2201008647548,0.423624871869078,1289.0625,0.891320660362411
1,13.88,1171.875,17.1549537053218,0.489933356071777,802.734375,0.846318408439935
1,13.9,2964.84375,17.9890896384544,0.485780461609409,1792.96875,0.838273985069191
1,13.92,333.984375,18.3959212415097,0.915740926489431,2630.859375,0.823510955440018
1,13.94,1880.859375,19.2908716021907,0.363893840913424,1546.875,0.814534374736072
1,13.96,2583.984375,16.8037805693135,0.586331330326474,703.125,0.845659643926488
1,13.98,2642.578125,15.6303793744925,0.917802853483487,58.59375,0.851467916879153
1,14,1669.921875,15.3296288815105,0.957301786209267,972.65625,0.875246126588741
1,14.02,1623.046875,22.9842821050636,0.324226763943456,46.875,0.753340062897887
1,14.04,515.625,16.6214529323375,0.745927105661702,1107.421875,0.864665543142281
1,14.06,703.125,12.9082994154953,0.477321837154639,187.5,0.891153718285681
1,14.08,333.984375,21.7964445218491,0.344833280613818,369.140625,0.777305847107523
1,14.1,2185.546875,15.6719403833756,0.823773541342407,1851.5625,0.872524689750866
1,14.12,2425.78125,18.4913303238561,0.260961738477866,240.234375,0.807312544460156
1,14.14,363.28125,14.5817586175195,0.747802875399894,2062.5,0.884155153910005
1,14.16,333.984375,18.6866335706316,0.316476883590863,29.296875,0.830053788804815
1,14.18,345.703125,18.9357011062854,0.795528560972198,11.71875,0.820320773574622
1,14.2,369.140625,17.8246475106269,0.325938803690811,23.4375,0.835604744006064
1,14.22,498.046875,16.6833717499189,0.461268407100713,128.90625,0.86346890032036
1,14.24,3070.3125,18.8208312584143,0.552808891410261,2572.265625,0.809507399412577
1,14.26,369.140625,17.6844515040926,0.743791566515693,2701.171875,0.841639357913536
1,14.28,386.71875,15.9862700045588,0.785790760611085,17.578125,0.851014282458326
1,14.3,357.421875,18.5778063897218,0.385078712714797,29.296875,0.84326782305263
1,14.32,363.28125,18.5443770529275,0.204011940931856,5.859375,0.828097405281389
1,14.34,451.171875,18.0237423531316,0.63974595979262,87.890625,0.835472609638779
1,14.36,955.078125,15.6312055082631,0.794188334614014,503.90625,0.868852672133944
1,14.38,2390.625,17.4261170212539,0.863155583216494,1435.546875,0.818696467376364
1,14.4,316.40625,15.6754091972992,0.705331196251037,2074.21875,0.870352696128524
1,14.42,386.71875,19.4651575547972,0.438616068871056,70.3125,0.828015589301036
1,14.44,380.859375,19.3369108850703,0.593766548500677,5.859375,0.798997007740141
1,14.46,386.71875,16.865756263419,0.799115216105867,5.859375,0.847314385981645
1,14.48,322.265625,22.7116655009105,0.538655460596623,64.453125,0.744629120328686
1,14.5,304.6875,16.6156078660383,0.862896563137169,17.578125,0.851765868624052
1,14.52,3375,10.8688826570556,0.817004154784025,3070.3125,0.918086661279617
1,14.54,3240.234375,14.3712166486436,0.762710954586548,134.765625,0.881655121032402
1,14.56,3304.6875,17.3808712966842,0.366927562977483,64.453125,0.856025618302563
1,14.58,3416.015625,14.6663400270236,0.403137599140814,111.328125,0.893254367867706
1,14.6,3404.296875,13.6448815244735,0.635363570316757,11.71875,0.907446384157569
1,14.62,2080.078125,17.9673239302234,0.83774516577417,1324.21875,0.821415491025672
2,0.02,1201.171875,12.3524550082449,0.813537174538317,NaN,0.906825457315383
2,0.04,656.25,17.2755588712476,0.45597180095068,544.921875,0.838877168426031
2,0.06,304.6875,20.6686166749451,0.407072579946017,351.5625,0.80442037469711
2,0.08,304.6875,18.8352734379087,0.162694248643295,0,0.857589223464899
2,0.1,339.84375,11.5707557207163,0.530866127160763,35.15625,0.938755495158161
2,0.12,328.125,13.945537497662,0.347290792246638,11.71875,0.905902573775491
2,0.14,322.265625,15.0791357445255,0.503389863981074,5.859375,0.889876961563101
2,0.16,433.59375,14.1178631480521,0.780238152042161,111.328125,0.885679995363594
2,0.18,310.546875,13.0237950972936,0.755583041609574,123.046875,0.911575477110406
2,0.2,345.703125,14.0190953187609,0.304922470833032,35.15625,0.91541630866125
2,0.22,667.96875,12.4252394429561,0.910576010321865,322.265625,0.908143604547157
2,0.24,386.71875,15.0101919700183,0.280286458403043,281.25,0.901204251428067
2,0.26,333.984375,18.4472759385215,0.256111637450093,52.734375,0.848913915323014
2,0.28,357.421875,14.4726987305446,0.342575000636362,23.4375,0.902454107209477
2,0.3,351.5625,23.4346688490263,0.117721847603796,5.859375,0.742365021538182
2,0.32,304.6875,13.0488469398792,0.830491627005488,46.875,0.904216062512409
2,0.34,1212.890625,11.6850461931827,0.594678083353962,908.203125,0.92149040798653
2,0.36,369.140625,10.0174852329655,0.902447336749115,843.75,0.927535894175736
2,0.38,351.5625,15.2003065145224,0.802285284614865,17.578125,0.888532220026297
2,0.4,351.5625,18.1129066398465,0.281329470997553,0,0.855624930758454
2,0.42,2291.015625,9.46984692090215,0.985642966810687,1939.453125,0.930578037551997
2,0.44,380.859375,16.0878353251568,0.276780147449674,1910.15625,0.865261558888727
2,0.46,480.46875,15.463822326425,0.709594344550494,99.609375,0.87636324152797
2,0.48,462.890625,16.5415215702468,0.987276288509535,17.578125,0.859334301163144
2,0.5,328.125,17.4033598597575,0.425799730968218,134.765625,0.854281512981853
2,0.52,333.984375,16.2162331352807,0.388425069056158,5.859375,0.87731129255829
2,0.54,410.15625,14.0576660824489,0.906535675104707,76.171875,0.875581486567237
2,0.56,2900.390625,17.2217819651905,0.769538507728681,2490.234375,0.827279854569882
2,0.58,2800.78125,21.9705342308736,0.328724170896341,99.609375,0.802795582934743
2,0.6,1681.640625,17.2252493294787,0.861010810424868,1119.140625,0.846320821203108
2,0.62,1611.328125,20.3721042261851,0.547726754153358,70.3125,0.797338764129214
2,0.64,1658.203125,19.2632501551559,0.96393428001703,46.875,0.825506279051598
2,0.66,416.015625,19.613954590745,0.300469414420879,1242.1875,0.832246140256955
2,0.68,1640.625,17.7596059036945,0.841918756342636,1224.609375,0.828983914236839
2,0.7,1710.9375,19.8863339271299,0.401437275530583,70.3125,0.835191685737998
2,0.72,1722.65625,16.8786666279284,0.999783323460289,11.71875,0.813467482284929
2,0.74,4939.453125,19.6116197544181,0.333764820785664,3216.796875,0.787833495650516
2,0.76,4898.4375,14.5071678093822,0.978126663343233,41.015625,0.871519391254442
2,0.78,1681.640625,16.1750902645139,0.621648523128739,3216.796875,0.870400873959527
2,0.8,339.84375,16.9069435497953,0.85692673905563,1341.796875,0.839116548848919
2,0.82,468.75,14.6964133250509,0.663453982103326,128.90625,0.880384588219345
2,0.84,357.421875,15.655611831531,0.529191943825523,111.328125,0.873776646665391
2,0.86,328.125,20.6430782573542,0.192288117106693,29.296875,0.793570475843085
2,0.88,1623.046875,17.7478304925297,0.903255341939928,1294.921875,0.8036434340325
2,0.9,1617.1875,20.7077940252495,0.555764945783027,5.859375,0.78535290032582
2,0.92,427.734375,14.7871807251594,0.99721682166364,1189.453125,0.877433500891381
2,0.94,433.59375,17.2013200389298,0.394834816601685,5.859375,0.871263394287975
2,0.96,416.015625,16.7599334563278,0.991046804743532,17.578125,0.849098186204376
2,0.98,416.015625,19.0765785644101,0.512581593674761,0,0.835678872352872
2,1,4412.109375,16.9882752947407,0.488275098048607,3996.09375,0.852316383121959
2,1.02,4125,16.1062275207534,0.745083329751327,287.109375,0.851274561725175
2,1.04,421.875,15.7396369435251,0.546519925818627,3703.125,0.875736144754557
2,1.06,416.015625,21.3592585942907,0.598560672872886,5.859375,0.792915313609121
2,1.08,421.875,23.3584594017328,0.474291653462845,5.859375,0.774369636208237
2,1.1,421.875,25.6576841572514,0.0638606909188769,0,0.653189568671376
2,1.12,433.59375,20.6092314888966,0.171311519078028,11.71875,0.814707768954655
2,1.14,1359.375,14.6642286580395,0.696527903944044,925.78125,0.864758497246546
2,1.16,1183.59375,26.1048968710404,0.334909758061062,175.78125,0.700939398757374
2,1.18,1218.75,26.7434006734047,0.636099418058699,35.15625,0.647785813521225
2,1.2,1189.453125,23.9413147309658,0.389102220481106,29.296875,0.719916548865956
2,1.22,1207.03125,24.8063211302843,0.867985931683883,17.578125,0.711222312739946
2,1.24,427.734375,23.0861925020313,0.748062687866954,779.296875,0.728109320003868
2,1.26,1183.59375,15.4109078635518,0.395094567952251,755.859375,0.873442134216546
2,1.28,1189.453125,24.7041586133064,0.186494667265293,5.859375,0.733228129627456
2,1.3,1183.59375,20.9093812977069,0.373623009833874,5.859375,0.794945933868703
2,1.32,1183.59375,25.1480998053389,0.431598423970845,0,0.720987366151846
2,1.34,1177.734375,26.1132813396736,0.5376734656017,5.859375,0.663865003258923
2,1.36,427.734375,23.0451554506658,0.659851242590986,750,0.738599232376937
2,1.38,1183.59375,24.8345912756283,0.662963285448136,755.859375,0.716715701079643
2,1.4,1195.3125,20.1451213917425,0.566065300555084,11.71875,0.786243749344326
2,1.42,1207.03125,15.6844173695949,0.539422971480226,11.71875,0.875992772462551
2,1.44,1177.734375,14.2056816683785,0.727090455548455,29.296875,0.880942552374565
2,1.46,421.875,14.7275160957356,0.819181004261884,755.859375,0.869427317859874
2,1.48,427.734375,20.2175516926564,0.147951650217949,5.859375,0.815960047282267
2,1.5,427.734375,21.9169990833559,0.267239160736982,0,0.759334916625891
2,1.52,433.59375,20.1984747389898,0.368985133931897,5.859375,0.813394218523302
2,1.54,416.015625,22.3587632327688,0.584085121169708,17.578125,0.775775847223427
2,1.56,433.59375,24.093864243051,0.526805869009723,17.578125,0.724898066002551
2,1.58,416.015625,17.96267147378,0.394389434080008,17.578125,0.855748167328882
2,1.6,4166.015625,15.7556132031952,0.922524776459292,3750,0.853629481194012
2,1.62,1910.15625,12.2038695272117,0.849739921605973,2255.859375,0.903266823863301
2,1.64,427.734375,21.4072403985977,0.428018389166471,1482.421875,0.799084379092364
2,1.66,427.734375,20.6769569427321,0.108778826579066,0,0.808562683264073
2,1.68,439.453125,17.9504919237004,0.901027517952768,11.71875,0.824674623515952
2,1.7,1195.3125,16.6906730385893,0.71918202712566,755.859375,0.837996752478249
2,1.72,433.59375,16.8245596998523,0.750807473666385,761.71875,0.85104807993783
2,1.74,421.875,21.1033155284859,0.237498562983869,11.71875,0.806218021530675
2,1.76,433.59375,19.4823216292521,0.44951739384993,11.71875,0.824329300319106
2,1.78,4066.40625,14.4106192024314,0.823921174013611,3632.8125,0.865432398277724
2,1.8,4136.71875,20.7402443081555,0.909002466089714,70.3125,0.765830656848095
2,1.82,427.734375,22.1555448627014,0.372232079268906,3708.984375,0.780815301992214
2,1.84,433.59375,28.2151798970278,0.322311256706925,5.859375,0.63440369915785
2,1.86,439.453125,19.5375521429639,0.263123407431993,5.859375,0.825938880515782
2,1.88,427.734375,22.6061097818584,0.213368503305298,11.71875,0.793664392809046
2,1.9,433.59375,24.6664217105169,0.221596643000503,5.859375,0.75179463825878
2,1.92,433.59375,27.1099345080036,0.086234419237295,0,0.643486272602159
2,1.94,427.734375,21.7735045809699,0.343499974573917,5.859375,0.778632743309929
2,1.96,433.59375,24.0104357484933,0.331457605319429,5.859375,0.742076706786591
2,1.98,416.015625,31.19676645173,0.290293173615989,17.578125,0.672199344325318
2,2,439.453125,24.716175110605,0.234256489245397,23.4375,0.749882324333978
2,2.02,433.59375,31.1812396202083,0.0907479626023807,5.859375,0.585829351203284
2,2.04,427.734375,32.7006066976542,0.0949771290970846,5.859375,0.582442877986129
2,2.06,416.015625,25.7441019411767,0.481631395526867,11.71875,0.712247013253084
2,2.08,1248.046875,18.4977708416614,0.982843880514937,832.03125,0.787482159974887
2,2.1,445.3125,28.1836299092866,0.186877746172854,802.734375,0.660680654747628
2,2.12,433.59375,33.6775324805151,0.0370488903056161,11.71875,0.494556267256313
2,2.14,439.453125,31.2626913212599,0.0841277479413678,5.859375,0.582542298495497
2,2.16,433.59375,24.3067302066584,0.0775671424025592,5.859375,0.701484477333488
2,2.18,439.453125,17.4762934917021,0.393994977348613,5.859375,0.860307156706029
2,2.2,445.3125,23.1488554015359,0.126919202887577,5.859375,0.73851246594584
2,2.22,445.3125,29.4346750194858,0.0650839563047996,0,0.614316820178951
2,2.24,445.3125,35.0363587182748,0.0314852527157091,0,0.491364880939571
2,2.26,439.453125,33.3169361581222,0.0431260575243455,5.859375,0.530798183845027
2,2.28,445.3125,33.4598605355961,0.0820431363718326,5.859375,0.593273474217243
2,2.3,439.453125,38.5745974980457,0.022574795236101,5.859375,0.442459077065728
2,2.32,427.734375,27.6464198773708,0.380068018200715,11.71875,0.665074249328182
2,2.34,445.3125,34.5319966262427,0.113909247054808,17.578125,0.532794763475005
2,2.36,445.3125,36.6924809674446,0.0187674150175985,0,0.434592905530225
2,2.38,433.59375,32.5721397157569,0.0329090244174587,11.71875,0.507457674679259
2,2.4,445.3125,30.8922998717253,0.0740024540177556,11.71875,0.580680821111493
2,2.42,445.3125,29.3240740506757,0.100484833452054,0,0.599547751133147
2,2.44,427.734375,28.2136507066708,0.123037236683705,17.578125,0.619946317211265
2,2.46,433.59375,41.0800537537893,0.0665543965030332,5.859375,0.467011254020571
2,2.48,439.453125,42.6694675978186,0.0110618721086232,5.859375,0.397034839723399
2,2.5,421.875,31.2550185909149,0.436949523432744,17.578125,0.611824388034515
2,2.52,445.3125,42.2149665960504,0.0160804152077558,23.4375,0.421940987763281
2,2.54,445.3125,38.8008341432323,0.0117878405882817,0,0.430769734219916
2,2.56,439.453125,37.1348139697081,0.00845848497521465,5.859375,0.436256159418702
2,2.58,445.3125,40.6745814966819,0.0200794469948993,5.859375,0.452872143819292
2,2.6,410.15625,31.9698056415669,0.192247371431332,35.15625,0.606601127300839
2,2.62,451.171875,37.8972811011045,0.0160542839007611,41.015625,0.43887611034096
2,2.64,439.453125,30.9161675417103,0.0618779466953605,11.71875,0.550833458468584
2,2.66,451.171875,40.7133343181878,0.00858063436787825,11.71875,0.445940077105937
2,2.68,439.453125,35.3309831813661,0.0179264651819918,11.71875,0.484426163247599
2,2.7,445.3125,38.351126381368,0.0252433090615999,5.859375,0.44628495793059
2,2.72,439.453125,35.6667222667242,0.0353649112642523,5.859375,0.515012900722966
2,2.74,445.3125,39.5397477161722,0.00643223221911095,5.859375,0.393152528800126
2,2.76,433.59375,38.5972497013386,0.0150213703692615,11.71875,0.443905932420246
2,2.78,439.453125,36.1805249599634,0.00616969160819772,5.859375,0.429119460404734
2,2.8,468.75,23.2623353483544,0.223576871815397,29.296875,0.783482981864526
2,2.82,462.890625,33.2748413640025,0.0334759441009456,5.859375,0.540915692637008
2,2.84,451.171875,26.8063359483316,0.102085495275474,11.71875,0.619751297501804
2,2.86,433.59375,26.6911760219156,0.115655057889195,17.578125,0.650828407166231
2,2.88,457.03125,22.58687856998,0.0984523023680815,23.4375,0.735202571714093
2,2.9,439.453125,17.4484933370218,0.827768832978583,17.578125,0.84686486214671
2,2.92,439.453125,34.0759379146103,0.0117671370888449,0,0.472486400611746
2,2.94,433.59375,34.7453238744768,0.00720515079155503,5.859375,0.463705718672586
2,2.96,445.3125,35.9250629393432,0.0198605357511795,11.71875,0.498252162195034
2,2.98,457.03125,36.9641706245059,0.00845649933544371,11.71875,0.463124575566473
2,3,457.03125,31.6921732572116,0.088350899055611,0,0.558103825570294
2,3.02,439.453125,30.1592158165082,0.0247894236098045,17.578125,0.562648447699873
2,3.04,445.3125,30.6929395308807,0.0180989446015908,5.859375,0.544901535172812
2,3.06,445.3125,39.4721130480567,0.0107207061876011,0,0.445335275475066
2,3.08,445.3125,42.8638024313988,0.00122805120967222,0,0.399784373621936
2,3.1,404.296875,31.1422704096184,0.329387538849251,41.015625,0.576204328494264
2,3.12,445.3125,31.889735037343,0.0398726086274414,41.015625,0.535156866213847
2,3.14,404.296875,30.2568151655467,0.0290194629917326,41.015625,0.553816455392494
2,3.16,380.859375,29.1616075932252,0.263016027067595,23.4375,0.62227945322112
2,3.18,468.75,27.4457529531825,0.988505658043854,87.890625,0.666414019585543
2,3.2,468.75,23.3090537701725,0.672612986941784,0,0.709779478401938
2,3.22,416.015625,28.9158939091457,0.302005264111143,52.734375,0.644422279446871
2,3.24,468.75,44.0372970811536,0.12369956744894,52.734375,0.561855616798501
2,3.26,480.46875,39.6488241096024,0.0578065916575025,11.71875,0.479222167165873
2,3.28,468.75,33.5662471161396,0.107035219237519,11.71875,0.565333237013342
2,3.3,480.46875,32.7520608036671,0.125619575999791,11.71875,0.553983525550553
2,3.32,474.609375,33.6465392517124,0.156963507359501,5.859375,0.550653656155511
2,3.34,474.609375,30.2036323090989,0.0686189754116792,0,0.579837521298542
2,3.36,468.75,34.2917294692279,0.506393685800285,5.859375,0.627102371146603
2,3.38,1406.25,37.795306505701,0.699060010774158,937.5,0.577359087914513
2,3.4,480.46875,32.97062159231,0.802128911392446,925.78125,0.620930628727148
2,3.42,480.46875,33.4815867482601,0.208869805676589,0,0.588654208271852
2,3.44,474.609375,30.3603100720102,0.172033005858615,5.859375,0.592177590802857
2,3.46,474.609375,36.9505857123204,0.0811542950646558,0,0.511757089772809
2,3.48,480.46875,38.1464581738207,0.259131721003706,5.859375,0.513463001895457
2,3.5,468.75,29.51943094135,0.109656363420484,11.71875,0.606366750539783
2,3.52,480.46875,27.7724765637099,0.210464812885681,11.71875,0.628774900790393
2,3.54,486.328125,31.0528407374115,0.32188018847288,5.859375,0.576261840957621
2,3.56,498.046875,24.81342734646,0.509418907396378,11.71875,0.693534606257866
2,3.58,421.875,27.595886322225,0.329404600693822,76.171875,0.658560283900929
2,3.6,380.859375,26.0556127668209,0.223743599882494,41.015625,0.691906336706732
2,3.62,492.1875,23.4065945483595,0.416519424484987,111.328125,0.749784631916148
2,3.64,1417.96875,22.1781579761786,0.427939468686692,925.78125,0.776585127878166
2,3.66,392.578125,28.6360932572583,0.16251500092862,1025.390625,0.665789661926308
2,3.68,386.71875,28.915543125196,0.561007195896389,5.859375,0.65558074331031
2,3.7,492.1875,26.2667419546494,0.253808227257257,105.46875,0.700252788084332
2,3.72,392.578125,19.0018860149899,0.294483861347894,99.609375,0.840445968176422
2,3.74,1417.96875,20.4803516861707,0.243279405592463,1025.390625,0.808683194069237
2,3.76,480.46875,17.6442784657358,0.952991338158569,937.5,0.826127990270238
2,3.78,474.609375,21.2948952549918,0.301467852719163,5.859375,0.794909710437817
2,3.8,486.328125,21.8645316262405,0.19401352922573,11.71875,0.785582965176051
2,3.82,410.15625,19.2440940943173,0.353049259692565,76.171875,0.827092973433603
2,3.84,398.4375,23.3329958802336,0.552527552873664,11.71875,0.749458851467342
2,3.86,468.75,19.216464924009,0.866532340273413,70.3125,0.793284938272347
2,3.88,486.328125,31.2559872917197,0.19038580781212,17.578125,0.623778214442722
2,3.9,492.1875,29.2608552712672,0.162011426111642,5.859375,0.651027111563856
2,3.92,503.90625,25.3221008657792,0.72416972909374,11.71875,0.743018257051932
2,3.94,498.046875,25.4606648051217,0.444914359451187,5.859375,0.712487326733968
2,3.96,1435.546875,20.299888883834,0.89147254526052,937.5,0.802425899751506
2,3.98,492.1875,26.8476281567727,0.894777430299419,943.359375,0.691102794036976
2,4,457.03125,15.8615453648863,0.647508408925521,35.15625,0.86850435035371
2,4.02,474.609375,22.6266860348665,0.27569317770513,17.578125,0.781751873894881
2,4.04,486.328125,20.6645154007914,0.488143107070564,11.71875,0.799189956912145
2,4.06,474.609375,15.2732817950529,0.543762774596942,11.71875,0.880121443281578
2,4.08,304.6875,18.4248702371099,0.721519420088966,169.921875,0.823582171697446
2,4.1,1458.984375,19.9777546145194,0.290407980717207,1154.296875,0.77324291854228
2,4.12,498.046875,21.8869939023245,0.350976830425371,960.9375,0.743522417931529
2,4.14,404.296875,20.6975996649179,0.503598783427928,93.75,0.785206707101054
2,4.16,1417.96875,21.0103915071775,0.548792208277598,1013.671875,0.794869383914239
2,4.18,503.90625,21.145357100529,0.846860700590901,914.0625,0.76267304892292
2,4.2,2583.984375,18.4784132581536,0.704973289319937,2080.078125,0.811874188877703
2,4.22,1423.828125,20.5208327907352,0.586629831722135,1160.15625,0.794711902433274
2,4.24,1417.96875,18.1101790829845,0.959276113303132,5.859375,0.827569923734564
2,4.26,509.765625,18.2587320359861,0.627648971565333,908.203125,0.834595710416992
2,4.28,1587.890625,16.1100988521668,0.99885105915087,1078.125,0.854014793392796
2,4.3,503.90625,17.6928441888384,0.585614356985561,1083.984375,0.855809792429727
2,4.32,1558.59375,20.5340628328329,0.681639467498367,1054.6875,0.791404075714922
2,4.34,1417.96875,21.0576496609718,0.765549235436556,140.625,0.757432556244284
2,4.36,1505.859375,19.6437299137341,0.579497034691126,87.890625,0.821978114049202
2,4.38,1511.71875,17.7985720978144,0.991014154901446,5.859375,0.828827162820783
2,4.4,1406.25,15.7617736514973,0.992561182870962,105.46875,0.852212703324643
2,4.42,1453.125,15.2825206073297,0.559793855507656,46.875,0.87310609232767
2,4.44,527.34375,16.3958196210256,0.979525838488109,925.78125,0.850146443576757
2,4.46,1435.546875,16.678317709848,0.925163145452698,908.203125,0.857480104392166
2,4.48,2589.84375,16.2967126094467,0.881328349294771,1154.296875,0.85102281243232
2,4.5,2595.703125,17.4790168486184,0.548030090753324,5.859375,0.850003698558087
2,4.52,533.203125,16.2264742985314,0.794490172763494,2062.5,0.853785713644853
2,4.54,1429.6875,13.8890722915468,0.588157118319723,896.484375,0.889108792780999
2,4.56,2583.984375,16.3726379681486,0.62369057088117,1154.296875,0.863770107143007
2,4.58,544.921875,15.9715546501308,0.565639270673645,2039.0625,0.859843668749891
2,4.6,533.203125,14.6288816152093,0.698856486539942,11.71875,0.892069598574154
2,4.62,1511.71875,13.986800509151,0.827777632950986,978.515625,0.894877324677427
2,4.64,2601.5625,16.0301383101966,0.447377660596971,1089.84375,0.873657774284101
2,4.66,2601.5625,16.0579427391688,0.743979818432543,0,0.864869918211538
2,4.68,1535.15625,16.0497156971189,0.619464215126039,1066.40625,0.858696313893014
2,4.7,544.921875,17.2203311831123,0.648857412595581,990.234375,0.854025314254745
2,4.72,550.78125,14.3965797614583,0.984663870604771,5.859375,0.877722976259452
2,4.74,363.28125,10.8522612745785,0.927364357091078,187.5,0.910822556230701
2,4.76,375,13.9304795045473,0.802547901060504,11.71875,0.89662616308218
2,4.78,562.5,21.0256395821205,0.170078155765431,187.5,0.75032758253054
2,4.8,539.0625,22.7180684178638,0.169377583035352,23.4375,0.783959136182191
2,4.82,550.78125,24.8417238663101,0.146450012678717,11.71875,0.75164396880768
2,4.84,544.921875,24.6681592850724,0.388162073145182,5.859375,0.71652039592712
2,4.86,550.78125,18.9736757190306,0.530530036990041,5.859375,0.822856880854395
2,4.88,1611.328125,18.9924163281152,0.735826554004389,1060.546875,0.817994297005441
2,4.9,550.78125,22.2340603725347,0.287993121342781,1060.546875,0.758681772457542
2,4.92,1505.859375,17.6336477711217,0.921235523349229,955.078125,0.834801074467675
2,4.94,1570.3125,19.748158827895,0.172002944912217,64.453125,0.81551631023322
2,4.96,2056.640625,17.3221233032399,0.744775048411579,486.328125,0.839667082948709
2,4.98,1728.515625,16.5533466974602,0.913874220973126,328.125,0.856865660466695
2,5,1546.875,19.5331011506479,0.819781134531332,181.640625,0.806995370288932
2,5.02,1722.65625,17.0507317568166,0.563376387949574,175.78125,0.848410455196359
2,5.04,1658.203125,17.650931454629,0.882624821016782,64.453125,0.845802915941324
2,5.06,1623.046875,18.587233477531,0.451013914711135,35.15625,0.843994688947597
2,5.08,1623.046875,24.5429964888012,0.328466651478615,0,0.738872204921892
2,5.1,1611.328125,20.6721112374476,0.801228940346717,11.71875,0.784923862197647
2,5.12,562.5,16.5411399014661,0.793447318344133,1048.828125,0.856989179081371
2,5.14,1693.359375,16.9267439896118,0.454442521587203,1130.859375,0.839951940140188
2,5.16,1552.734375,18.0767524262128,0.921303717457877,140.625,0.80997688754454
2,5.18,562.5,22.9677852935852,0.809927833791172,990.234375,0.748420528822847
2,5.2,1623.046875,23.5949908175266,0.23923422817895,1060.546875,0.70916589170168
2,5.22,539.0625,11.9067257306596,0.952223229595353,1083.984375,0.899196017092376
2,5.24,1652.34375,17.9894774322018,0.62709238264191,1113.28125,0.837664499785697
2,5.26,1488.28125,14.3913806295995,0.494498874567821,164.0625,0.890314745777321
2,5.28,568.359375,13.1497071730156,0.9693347815381,919.921875,0.897852895666846
2,5.3,1669.921875,15.3141198203719,0.590500748263006,1101.5625,0.879518530615159
2,5.32,580.078125,22.5436199240469,0.150953928224225,1089.84375,0.73270960231586
2,5.34,585.9375,27.8841685344341,0.0776767275279532,5.859375,0.61393799011145
2,5.36,591.796875,23.2254788476188,0.215510897893274,5.859375,0.761602033430476
2,5.38,562.5,25.7616579891647,0.185987867645912,29.296875,0.758737346260777
2,5.4,580.078125,37.5362640134812,0.0226992096798421,17.578125,0.479884464277167
2,5.42,562.5,27.9858371669755,0.0900039011989898,17.578125,0.68938576721326
2,5.44,597.65625,29.4614970910582,0.0545091501957611,35.15625,0.567921343011792
2,5.46,615.234375,22.9625806909967,0.0927574975424364,17.578125,0.748560889840325
2,5.48,585.9375,25.8048025642392,0.0893149659568965,29.296875,0.641462829795197
2,5.5,580.078125,26.1170775207205,0.0856427640032868,5.859375,0.669701439537346
2,5.52,585.9375,21.901685534391,0.294324581204098,5.859375,0.80202901075973
2,5.54,574.21875,24.9957982712633,0.0799985866553935,11.71875,0.687244838100317
2,5.56,1652.34375,19.6005732929783,0.976774451914655,1078.125,0.787116928679841
2,5.58,597.65625,26.9016928048502,0.233256935245589,1054.6875,0.69868457854564
2,5.6,574.21875,23.8573913645031,0.103328937896467,23.4375,0.74408878829996
2,5.62,591.796875,27.3899864851611,0.209401745967776,17.578125,0.660019300696941
2,5.64,568.359375,21.5121346448443,0.134813984095002,23.4375,0.794250035385775
2,5.66,585.9375,21.761788745785,0.316105376947367,17.578125,0.780338474864318
2,5.68,1792.96875,23.8028585920716,0.371667593387883,1207.03125,0.726981150321805
2,5.7,580.078125,26.2561708187641,0.162896750062201,1212.890625,0.675055852119157
2,5.72,580.078125,31.6742410538883,0.217917421712204,0,0.56427264417989
2,5.74,591.796875,31.8056533192883,0.027377379587396,11.71875,0.496229316151004
2,5.76,603.515625,27.9676497505753,0.384990792815235,11.71875,0.673923904143339
2,5.78,591.796875,29.7592501348571,0.0729802348319313,11.71875,0.574460642390475
2,5.8,591.796875,34.0211163319902,0.0347662460357918,0,0.523413956755141
2,5.82,1787.109375,29.5986996252002,0.602983155127401,1195.3125,0.682311428434957
2,5.84,1792.96875,28.8091953713904,0.819794350488112,5.859375,0.670234106082707
2,5.86,597.65625,33.5519737537686,0.0628417731953362,1195.3125,0.570262256107046
2,5.88,597.65625,38.9801766109684,0.0165694147950998,0,0.440843100614856
2,5.9,603.515625,33.4011521999816,0.180232635199114,5.859375,0.5823698267753
2,5.92,603.515625,29.3786231010956,0.0563105598978261,0,0.588402713087623
2,5.94,609.375,23.2811331622454,0.761741021270342,5.859375,0.730599003384044
2,5.96,615.234375,27.0698072341687,0.0832666074447087,5.859375,0.639256357531647
2,5.98,585.9375,27.4068056361411,0.0515071254780927,29.296875,0.619661201369093
2,6,609.375,25.0647112452998,0.310471164777541,23.4375,0.710117973305904
2,6.02,1869.140625,18.5505650907457,0.592631801702356,1259.765625,0.814176490777044
2,6.04,609.375,24.2342877496212,0.189899649065794,1259.765625,0.762627394374008
2,6.06,597.65625,27.1382918094409,0.164546892630601,11.71875,0.657917261079186
2,6.08,621.09375,27.8992600572465,0.426077170127401,23.4375,0.684034014933008
2,6.1,609.375,29.8054972315304,0.162863292093004,11.71875,0.624321539920993
2,6.12,597.65625,35.7564240366104,0.0244323814044124,11.71875,0.50434297771731
2,6.14,568.359375,21.303437185448,0.495742809266995,29.296875,0.797439629040877
2,6.16,597.65625,31.7552193210684,0.0462163314191179,29.296875,0.552024035767073
2,6.18,609.375,36.0551237475029,0.0485531275187078,11.71875,0.494253769985255
2,6.2,597.65625,28.2930197228313,0.249996276762774,11.71875,0.640662848690105
2,6.22,615.234375,27.1328494911108,0.119414910830468,17.578125,0.633575800290477
2,6.24,621.09375,22.3630197065462,0.235997776702899,5.859375,0.752037094953386
2,6.26,621.09375,31.6594566076254,0.0762356906528508,0,0.5424922638251
2,6.28,621.09375,24.2844734199353,0.71245384978506,0,0.735390575270246
2,6.3,1839.84375,20.8656041024985,0.949407871582201,1218.75,0.766985218749505
2,6.32,1851.5625,18.8356960432621,0.474520760425677,11.71875,0.834682128273443
2,6.34,621.09375,16.481860723475,0.358174245379762,1230.46875,0.87007456862537
2,6.36,609.375,19.7152127188931,0.371646525615107,11.71875,0.826168002384318
2,6.38,609.375,21.2332018806905,0.15297786182321,0,0.760153933227369
2,6.4,603.515625,24.4175674165322,0.167217816879314,5.859375,0.730111056168878
2,6.42,597.65625,27.0920397376842,0.148905509485733,5.859375,0.673558105617115
2,6.44,597.65625,22.7021104602852,0.188852839832157,0,0.748925421534214
2,6.46,644.53125,23.3717264806288,0.288176724111618,46.875,0.741136153798245
2,6.48,615.234375,26.1312612477784,0.158716599822309,29.296875,0.705373961271106
2,6.5,626.953125,26.4246053874252,0.23129429562462,11.71875,0.710750878253607
2,6.52,638.671875,26.8877720417476,0.221768072496488,11.71875,0.726439037160761
2,6.54,621.09375,27.8174248001522,0.122383675023773,17.578125,0.694288909201512
2,6.56,632.8125,23.7326879816439,0.35282300939474,11.71875,0.780655664374497
2,6.58,650.390625,26.4986547232011,0.104177279012787,17.578125,0.68670048702849
2,6.6,638.671875,28.9936437787097,0.0337993416790883,11.71875,0.592066802313724
2,6.62,662.109375,17.8067649452248,0.649625213900286,23.4375,0.840481251184038
2,6.64,626.953125,27.8542002556157,0.135868188955758,35.15625,0.659095228892086
2,6.66,632.8125,27.4063777008875,0.0564923805904432,5.859375,0.646727759653254
2,6.68,644.53125,18.1487156247556,0.284762578370725,11.71875,0.843796395664583
2,6.7,1886.71875,21.782305695934,0.159640737275268,1242.1875,0.775153300216533
2,6.72,1904.296875,26.6198773775616,0.117148033697142,17.578125,0.66106949241665
2,6.74,650.390625,29.5520089021593,0.187497771880163,1253.90625,0.619515803421942
2,6.76,621.09375,21.9807152304416,0.385212870566371,29.296875,0.754164978875933
2,6.78,703.125,24.5767362503869,0.38728377175027,82.03125,0.71457152258063
2,6.8,638.671875,28.6277797486122,0.0461051991375245,64.453125,0.6144361555764
2,6.82,656.25,31.679604431758,0.0906207664915543,17.578125,0.576222114260153
2,6.84,1869.140625,23.6685075548828,0.881691663771614,1212.890625,0.73889245864917
2,6.86,1880.859375,25.2357270210353,0.239590517932086,11.71875,0.725367903347303
2,6.88,667.96875,22.6532482699337,0.578403480471482,1212.890625,0.752344178024888
2,6.9,644.53125,18.7857125552517,0.582396317584022,23.4375,0.816436096777623
2,6.92,667.96875,26.7515835883397,0.115989781170596,23.4375,0.690543916906548
2,6.94,656.25,26.9964618589948,0.182589041268666,11.71875,0.684760758828566
2,6.96,673.828125,28.0754805760423,0.615508071687591,17.578125,0.671345359204704
2,6.98,474.609375,17.6719151537145,0.787334156793826,199.21875,0.842754516023143
2,7,2789.0625,18.0607819001367,0.968135825594479,2314.453125,0.838813356349687
2,7.02,2601.5625,17.9337576468535,0.878390713346407,187.5,0.83150872477461
2,7.04,662.109375,19.7449326708751,0.539245659261756,1939.453125,0.821687259809742
2,7.06,626.953125,24.2204363281922,0.23810885205247,35.15625,0.77790126868902
2,7.08,2601.5625,25.3422786304516,0.438483255193392,1974.609375,0.748789828667473
2,7.1,691.40625,21.9734267451042,0.250731110051627,1910.15625,0.786374256751439
2,7.12,480.46875,16.7747106581754,0.887746773401706,210.9375,0.857037503124395
2,7.14,738.28125,19.9900287822637,0.252454010341986,257.8125,0.834483799615955
2,7.16,673.828125,24.5847017725253,0.190888418167973,64.453125,0.748663681843259
2,7.18,679.6875,17.7029348042493,0.434330023479,5.859375,0.850494638852988
2,7.2,691.40625,19.4664365666938,0.350789905914976,11.71875,0.821062891562113
2,7.22,703.125,25.5252199422242,0.290904148780753,11.71875,0.753543768391294
2,7.24,679.6875,21.6351723840952,0.69313746614259,23.4375,0.785364316969843
2,7.26,779.296875,21.9452453819883,0.388246748294541,99.609375,0.777416418420962
2,7.28,1511.71875,18.49078474031,0.768187744434637,732.421875,0.801292999054795
2,7.3,2613.28125,17.9470884887492,0.710018807997992,1101.5625,0.846788617746425
2,7.32,2601.5625,17.4875788013167,0.464503789620153,11.71875,0.848501737098012
2,7.34,697.265625,22.412706527825,0.548915130402076,1904.296875,0.767877500785547
2,7.36,708.984375,19.2152684598874,0.494140411984925,11.71875,0.819215683325067
2,7.38,1664.0625,18.7750780423649,0.548236419894246,955.078125,0.830525857318685
2,7.4,691.40625,26.040168367679,0.73290675030755,972.65625,0.725275466959884
2,7.42,585.9375,15.5588262176551,0.701259860624079,105.46875,0.863104682520479
2,7.44,2138.671875,17.9339086628369,0.495372579740172,1552.734375,0.845368410709817
2,7.46,708.984375,17.6650248126834,0.745742130491591,1429.6875,0.852692886645317
2,7.48,697.265625,18.3701830350333,0.497709036291353,11.71875,0.837311766896007
2,7.5,638.671875,18.9315257948992,0.351084078505016,58.59375,0.818738783559044
2,7.52,679.6875,17.1399713822462,0.799125190762828,41.015625,0.829287779242251
2,7.54,726.5625,12.9259001567931,0.60896921970878,46.875,0.905545999284157
2,7.56,738.28125,21.4343362270718,0.343588095897713,11.71875,0.763470067462313
2,7.58,732.421875,20.7467437745672,0.857272276096608,5.859375,0.76795596930234
2,7.6,744.140625,17.9679558776839,0.470489119814836,11.71875,0.848580102912486
2,7.62,744.140625,19.5984830621739,0.308661396538492,0,0.825499937012555
2,7.64,966.796875,17.7656497555247,0.594504884752523,222.65625,0.846369948183416
2,7.66,708.984375,18.2065430228881,0.807915303757863,257.8125,0.839745049910861
2,7.68,732.421875,30.7597341095517,0.0947040146281668,23.4375,0.688106711034528
2,7.7,726.5625,36.085996556778,0.0675267905310971,5.859375,0.581634029484543
2,7.72,714.84375,31.5618869461172,0.206068562936167,11.71875,0.623929110432615
2,7.74,732.421875,32.0110842882608,0.043227547218329,17.578125,0.555664406491282
2,7.76,732.421875,29.3601948213872,0.0629035240740408,0,0.594426663781796
2,7.78,738.28125,25.0788915005554,0.464465931246138,5.859375,0.773848786122854
2,7.8,744.140625,27.9071712140019,0.100236450440708,5.859375,0.6476218594644
2,7.82,738.28125,31.1143338624018,0.0947389943091116,5.859375,0.594898251403777
2,7.84,744.140625,28.0193852114138,0.0434690589655374,5.859375,0.622935145044472
2,7.86,732.421875,26.2931072633529,0.110527965400541,11.71875,0.736505508498234
2,7.88,755.859375,20.9587826072138,0.263827061693088,23.4375,0.808628674164429
2,7.9,779.296875,19.508269527567,0.841104456987285,23.4375,0.821098254613696
2,7.92,791.015625,18.4139521385744,0.385373867609851,11.71875,0.820435306062407
2,7.94,714.84375,22.8249186708198,0.132574952632039,76.171875,0.736495353058513
2,7.96,732.421875,21.0724983982343,0.345685534030197,17.578125,0.817263880265447
2,7.98,767.578125,21.1778714433558,0.608944710099575,35.15625,0.781353246452466
2,8,802.734375,16.8932509221451,0.41782704253675,35.15625,0.866472530249339
2,8.02,761.71875,22.9661204576802,0.100367143710487,41.015625,0.755890320619332
2,8.04,767.578125,23.8310751574924,0.586095226779049,5.859375,0.784696675403237
2,8.06,779.296875,28.522740677806,0.32294677630898,11.71875,0.695771270136662
2,8.08,744.140625,29.4182999364047,0.0922658171826615,35.15625,0.610796054851893
2,8.1,2607.421875,17.9522426065941,0.969445319097444,1863.28125,0.826154204802324
2,8.12,2607.421875,21.7658332604421,0.653002248899595,0,0.779354325686362
2,8.14,392.578125,21.6155159419181,0.521648009973288,2214.84375,0.77985920012731
2,8.16,779.296875,19.4784190717532,0.336822009603238,386.71875,0.830932312682565
2,8.18,2396.484375,23.9086505630122,0.465059938586316,1617.1875,0.760897982209261
2,8.2,761.71875,21.1560865474617,0.538749475849199,1634.765625,0.774438743681463
2,8.22,761.71875,21.3057891912535,0.402247923227861,0,0.812047255818772
2,8.24,767.578125,23.6603359703298,0.196220301010521,5.859375,0.765318986969411
2,8.26,761.71875,19.3691338042225,0.516393746992837,5.859375,0.830741192593528
2,8.28,785.15625,26.235260020553,0.193926890821298,23.4375,0.730848131276714
2,8.3,761.71875,27.459521793163,0.085679562538864,23.4375,0.682090415450227
2,8.32,779.296875,24.0969497598736,0.063814016704,17.578125,0.724651456457355
2,8.34,796.875,24.1994656366065,0.0871817840755808,17.578125,0.734924283165593
2,8.36,779.296875,21.2882582348986,0.133801070796774,17.578125,0.779362975278077
2,8.38,2630.859375,22.5386353058728,0.271792334168469,1851.5625,0.741032574040046
2,8.4,2625,22.1233569487414,0.86458269538593,5.859375,0.790741230873485
2,8.42,2179.6875,16.7723270552434,0.94316599902408,445.3125,0.84324672124993
2,8.44,738.28125,19.0192983624594,0.476412972058754,1441.40625,0.829962840589685
2,8.46,767.578125,23.1833541437717,0.369779870794701,29.296875,0.782024722185293
2,8.48,779.296875,28.1746460898664,0.0930550673990832,11.71875,0.702926846697472
2,8.5,779.296875,35.590197971716,0.0257205498313994,0,0.543095440671455
2,8.52,796.875,27.5486621550877,0.0682241036939234,17.578125,0.691528740880722
2,8.54,802.734375,23.6556443009445,0.311095333634534,5.859375,0.757470458997702
2,8.56,755.859375,21.5313639166967,0.407590548827239,46.875,0.784899457987371
2,8.58,2455.078125,25.9213057021937,0.508824624452787,1699.21875,0.711155927679773
2,8.6,2613.28125,25.6422229240364,0.728872089201769,158.203125,0.72149099675606
2,8.62,2472.65625,18.7920084153087,0.893190721450551,140.625,0.822107839571683
2,8.64,738.28125,17.7908810468923,0.631111343588239,1734.375,0.840297532549924
2,8.66,2390.625,19.8240081167668,0.513704266899306,1652.34375,0.817542873185624
2,8.68,761.71875,24.7294649452659,0.349403689823295,1628.90625,0.758654714507326
2,8.7,773.4375,19.640609027497,0.859313608176606,11.71875,0.802017002384678
2,8.72,832.03125,18.6100178762771,0.299046966718331,58.59375,0.827025679097312
2,8.74,779.296875,20.1224156238366,0.488312350310975,52.734375,0.818007879543451
2,8.76,791.015625,24.317397755222,0.152313135834577,11.71875,0.758288184305955
2,8.78,849.609375,29.0970835591175,0.038628324377639,58.59375,0.609417509274475
2,8.8,849.609375,27.049047766227,0.0534593876000843,0,0.656058876381474
2,8.82,861.328125,19.850815346176,0.210318672888811,11.71875,0.823559371100166
2,8.84,826.171875,19.4223635302482,0.310235329134696,35.15625,0.830933486742922
2,8.86,826.171875,15.2779947548181,0.653788013595615,0,0.863038997758082
2,8.88,826.171875,21.6618411872508,0.291770083629623,0,0.770537251968388
2,8.9,820.3125,24.1068731359909,0.225714474908913,5.859375,0.725681500004783
2,8.92,779.296875,20.0910599770575,0.341131875042287,41.015625,0.810469685832222
2,8.94,2630.859375,18.4051193146896,0.972875881432681,1851.5625,0.8118961891183
2,8.96,837.890625,15.6185660285415,0.982230647465842,1792.96875,0.858932838088154
2,8.98,357.421875,17.16629209259,0.652258434182313,480.46875,0.852422432252804
2,9,2619.140625,18.0276631587275,0.408373264455104,2261.71875,0.838667180566735
2,9.02,2607.421875,20.9744643099587,0.707228499695408,11.71875,0.80893170022806
2,9.04,2619.140625,22.2421359403458,0.280850605871173,11.71875,0.769762133545636
2,9.06,2566.40625,16.0629828322167,0.927891373737784,52.734375,0.862535562859987
2,9.08,837.890625,24.4039732307677,0.411488472917891,1728.515625,0.770105192562166
2,9.1,2607.421875,16.9955161649913,0.884706608270178,1769.53125,0.851855694745829
2,9.12,2630.859375,17.1507908097278,0.50849761933288,23.4375,0.85814310056668
2,9.14,4910.15625,16.8761337853469,0.680951451329349,2279.296875,0.854457273608771
2,9.16,2613.28125,18.3755953339978,0.449388474312373,2296.875,0.829477938706127
2,9.18,855.46875,17.1265601200625,0.29041906901409,1757.8125,0.851897687725242
2,9.2,849.609375,25.2069896283255,0.107512218617122,5.859375,0.685916839166838
2,9.22,867.1875,18.8576734446845,0.546714955671982,17.578125,0.832070406494471
2,9.24,843.75,23.4187717629591,0.292888483595679,23.4375,0.745744064657197
2,9.26,820.3125,18.2312198265202,0.564416995388826,23.4375,0.832139609630915
2,9.28,849.609375,22.4840277561137,0.259613624129866,29.296875,0.75516882194783
2,9.3,304.6875,16.4407893636758,0.873891528750357,544.921875,0.836071570679922
2,9.32,873.046875,15.8439880208196,0.641126359862994,568.359375,0.858258216799874
2,9.34,867.1875,21.2312544499903,0.325757928747081,5.859375,0.798617602334699
2,9.36,849.609375,28.3792468944725,0.122562749327779,17.578125,0.629081873972518
2,9.38,861.328125,28.5672365672608,0.0984973616109735,11.71875,0.645307008209006
2,9.4,2794.921875,20.4428643849587,0.787404409596497,1933.59375,0.798748607237324
2,9.42,978.515625,21.9941818956377,0.409933277545505,1816.40625,0.797215992757959
2,9.44,1042.96875,19.6829941605672,0.395368150443941,64.453125,0.802405799033617
2,9.46,1412.109375,14.4089143643314,0.868282002009269,369.140625,0.874098093570078
2,9.48,4394.53125,17.1643923590808,0.677030619751631,2982.421875,0.8503801598998
2,9.5,966.796875,18.7269907003696,0.867921397325137,3427.734375,0.80354376368411
2,9.52,978.515625,19.1241744312524,0.678948974023686,11.71875,0.822725087803607
2,9.54,1845.703125,16.8979992395377,0.859968536023985,867.1875,0.847977749817676
2,9.56,2460.9375,17.4884773286718,0.53930103882916,615.234375,0.853064855065618
2,9.58,3474.609375,16.0816885226842,0.47493498243489,1013.671875,0.864139051689349
2,9.6,345.703125,12.8691761658427,0.509205897570422,3128.90625,0.908895961069794
2,9.62,4470.703125,17.998830828223,0.262008131429842,4125,0.841791093717561
2,9.64,972.65625,16.346143685199,0.516202604950945,3498.046875,0.870251317388673
2,9.66,1429.6875,18.164200141025,0.571328518273163,457.03125,0.821836697852923
2,9.68,955.078125,23.4355691363233,0.225516081283349,474.609375,0.759626096779106
2,9.7,1382.8125,20.1047908261866,0.800313378642314,427.734375,0.796364175221632
2,9.72,1048.828125,24.7080256088052,0.290084329117185,333.984375,0.756363244563969
2,9.74,990.234375,22.983064303621,0.205743282329724,58.59375,0.782146351245798
2,9.76,1001.953125,21.8983417776907,0.485853471995073,11.71875,0.773584088346078
2,9.78,1054.6875,19.1653975488196,0.678534049415094,52.734375,0.817373352756018
2,9.8,363.28125,21.1201893584223,0.287344659479483,691.40625,0.798081470832133
2,9.82,1031.25,16.2185347236578,0.746317240045865,667.96875,0.859819689135359
2,9.84,322.265625,13.3474634331469,0.761349578066852,708.984375,0.892590692839878
2,9.86,2472.65625,16.1756571912478,0.641537128702369,2150.390625,0.864908772946584
2,9.88,380.859375,15.059206644269,0.686021772953211,2091.796875,0.879484984946242
2,9.9,949.21875,16.7564039572943,0.709161001468446,568.359375,0.845824295197568
2,9.92,1054.6875,16.7714561615342,0.707880922359848,105.46875,0.856217159317304
2,9.94,1060.546875,23.4495720345992,0.615016012229709,5.859375,0.752326176381149
2,9.96,2976.5625,18.86916540803,0.716640004971674,1916.015625,0.834096687311138
2,9.98,1423.828125,19.5256591164931,0.771075347555904,1552.734375,0.802324837859088
2,10,1177.734375,14.4194699114151,0.90415600077377,246.09375,0.873717152080753
2,10.02,984.375,19.9124491033794,0.78819944492358,193.359375,0.798118595550573
2,10.04,375,18.2938605468533,0.790690192865589,609.375,0.814215625927969
2,10.06,386.71875,15.461776080021,0.848640520908631,11.71875,0.875450989736521
2,10.08,1119.140625,16.7828870390363,0.624517445099192,732.421875,0.855885542356411
2,10.1,2613.28125,14.1645799652755,0.914017151745773,1494.140625,0.874900821219688
2,10.12,380.859375,19.9896588193268,0.852454484337161,2232.421875,0.814057269030596
2,10.14,1154.296875,23.2664630838292,0.456878338148473,773.4375,0.75015867605166
2,10.16,1195.3125,21.5802469840659,0.413759826560367,41.015625,0.781640532930102
2,10.18,1201.171875,16.8129048801207,0.719821869454076,5.859375,0.852166869423038
2,10.2,1042.96875,26.4444239189293,0.410809495849812,158.203125,0.718324049711867
2,10.22,1037.109375,19.94089789311,0.659653730922418,5.859375,0.814596213086861
2,10.24,1628.90625,17.3003149361351,0.745841026988533,591.796875,0.836245951776613
2,10.26,369.140625,17.9937427383046,0.460295476327586,1259.765625,0.853376467882085
2,10.28,1412.109375,17.4683266505869,0.435886709719569,1042.96875,0.842729642571422
2,10.3,345.703125,17.1365440736975,0.720235724068307,1066.40625,0.842114094132068
2,10.32,1189.453125,15.4414124663536,0.670680858876635,843.75,0.872735254341843
2,10.34,2976.5625,18.1596599132342,0.93998763921271,1787.109375,0.82859457516527
2,10.36,3251.953125,16.3835558678226,0.991175990993241,275.390625,0.844661959859685
2,10.38,1072.265625,16.1285543777332,0.728694661023298,2179.6875,0.863003046521253
2,10.4,1060.546875,17.9517150103544,0.918821365059495,11.71875,0.830819063213608
2,10.42,4376.953125,21.0678076345459,0.450950257570184,3316.40625,0.763968709267415
2,10.44,4236.328125,14.9514927509307,0.968798699402636,140.625,0.866001761997626
2,10.46,1042.96875,24.6027204527812,0.527648717517444,3193.359375,0.730463461142416
2,10.48,984.375,21.4922956546433,0.948826247373663,58.59375,0.768884654195379
2,10.5,1458.984375,15.6644729550563,0.847677005352084,474.609375,0.861921565873704
2,10.52,1207.03125,12.6250269239275,0.888211771096556,251.953125,0.894585611438827
2,10.54,1177.734375,17.7539788886114,0.331370664636494,29.296875,0.843347264677561
2,10.56,1160.15625,17.6027339010802,0.894622074007023,17.578125,0.831828737743836
2,10.58,1148.4375,17.226753889381,0.522065001878938,11.71875,0.860155186393256
2,10.6,1048.828125,24.608777866501,0.235057515157531,99.609375,0.739381057545279
2,10.62,1042.96875,25.0188727964671,0.324079476461907,5.859375,0.752777342056966
2,10.64,1148.4375,24.1829481569798,0.649411597628639,105.46875,0.744232794902425
2,10.66,1177.734375,23.7670702270027,0.538010589741196,29.296875,0.752750683392141
2,10.68,1107.421875,18.8698653615212,0.982491239556571,70.3125,0.811013836434538
2,10.7,1007.8125,16.1315216010711,0.786971533946192,99.609375,0.846952368496458
2,10.72,1042.96875,19.499605341103,0.584218819981851,35.15625,0.813209276585827
2,10.74,1195.3125,15.6164465587352,0.73004485333954,152.34375,0.864868611369957
2,10.76,369.140625,16.6129555410937,0.625234207230063,826.171875,0.865718366789462
2,10.78,1183.59375,17.1105335777133,0.821947935639015,814.453125,0.857671658262287
2,10.8,1417.96875,17.502737280406,0.641850371598686,234.375,0.83478501912177
2,10.82,2185.546875,18.8437429677822,0.593526234369644,767.578125,0.849676468226059
2,10.84,1171.875,16.7778240428042,0.667976510979983,1013.671875,0.848610792500337
2,10.86,1183.59375,17.8385088390091,0.299795470212515,11.71875,0.855172965420582
2,10.88,1388.671875,16.9765265245062,0.508026080189914,205.078125,0.842211812501323
2,10.9,380.859375,19.7743576123919,0.269565348828485,1007.8125,0.831575069409932
2,10.92,375,13.5687754452136,0.691768957209576,5.859375,0.896541965886741
2,10.94,1048.828125,16.290492841638,0.717529433764813,673.828125,0.867565423102963
2,10.96,1441.40625,19.9563854869046,0.893165064424041,392.578125,0.791157951726349
2,10.98,1183.59375,19.4737596074805,0.316278916817518,257.8125,0.833548867768796
2,11,1160.15625,18.1520814418647,0.449839215463062,23.4375,0.851377693246949
2,11.02,1183.59375,22.1561472003939,0.742669732961313,23.4375,0.791552506749027
2,11.04,1283.203125,17.7434461189615,0.837599565207196,99.609375,0.835421564099544
2,11.06,1453.125,22.9548568399614,0.745402896812148,169.921875,0.790477240001866
2,11.08,1183.59375,28.4299253680254,0.398795638705041,269.53125,0.695180050451191
2,11.1,1429.6875,23.0119696698592,0.611387598974359,246.09375,0.738034843288461
2,11.12,1400.390625,25.5524043665252,0.663185654732566,29.296875,0.740963576624534
2,11.14,1054.6875,20.0732042861569,0.555994328847343,345.703125,0.812865103129821
2,11.16,1224.609375,19.9486165327856,0.703424929638048,169.921875,0.824590148353748
2,11.18,1417.96875,18.9570466961483,0.724182608508539,193.359375,0.810948679525766
2,11.2,1113.28125,22.5774406432504,0.867035492013642,304.6875,0.788371806151149
2,11.22,1511.71875,22.6642463370918,0.638357686260448,398.4375,0.776661836299727
2,11.24,1195.3125,24.7329174072601,0.281273548207689,316.40625,0.779962014328804
2,11.26,1447.265625,25.4701127208678,0.678097380902851,251.953125,0.734009882274428
2,11.28,1376.953125,26.8858382969197,0.493146870861493,70.3125,0.741269103951016
2,11.3,1212.890625,21.0397022484059,0.414875367000685,164.0625,0.789179364793595
2,11.32,1207.03125,20.9247224614236,0.642991326364662,5.859375,0.786007900030893
2,11.34,1816.40625,19.9843487851808,0.661419727755318,609.375,0.808041168422845
2,11.36,1230.46875,25.897576803193,0.440736278635237,585.9375,0.724260164897296
2,11.38,1189.453125,26.8519138885389,0.478163059602422,41.015625,0.740021722741262
2,11.4,1376.953125,32.2186160032285,0.426213845783766,187.5,0.664898847797917
2,11.42,1464.84375,30.1297649812334,0.731775403650617,87.890625,0.70774374118217
2,11.44,1306.640625,32.7885239933553,0.199123537318342,158.203125,0.625840024901541
2,11.46,1324.21875,20.6509673930415,0.373593148600542,17.578125,0.803264029862379
2,11.48,380.859375,21.767816817131,0.981834892010163,943.359375,0.765509860457314
2,11.5,380.859375,19.6365133770638,0.926031831298929,0,0.805082052852001
2,11.52,369.140625,19.5013370295337,0.423455572514588,11.71875,0.818766264186835
2,11.54,1394.53125,17.0828026700414,0.545848210358277,1025.390625,0.850837057775804
2,11.56,310.546875,13.6136441785519,0.857850566590654,1083.984375,0.889202413214587
2,11.58,1388.671875,20.5604763452245,0.505564834104947,1078.125,0.817519935463158
2,11.6,1371.09375,30.2256631902882,0.404144954582102,17.578125,0.68415994966082
2,11.62,1212.890625,24.4027944513159,0.596666785239746,158.203125,0.73926609022203
2,11.64,1312.5,27.0582507164213,0.308390049158903,99.609375,0.701081611793888
2,11.66,1400.390625,30.7439031050343,0.277144002846153,87.890625,0.701813426084866
2,11.68,1376.953125,30.8777424334225,0.705907680771413,23.4375,0.733523705356448
2,11.7,1218.75,22.6223649156499,0.762692854058442,158.203125,0.804692366440945
2,11.72,1330.078125,14.5687838101046,0.970475987759108,111.328125,0.869563518506051
2,11.74,1863.28125,27.7233263901396,0.0918697606115132,533.203125,0.645854860874792
2,11.76,1921.875,23.705338061131,0.40291306127196,58.59375,0.774800890438582
2,11.78,1904.296875,23.5488581123178,0.733845538517373,17.578125,0.751575690566181
2,11.8,351.5625,20.5198134592938,0.931471000933228,1552.734375,0.797819397286886
2,11.82,1412.109375,16.1531156871277,0.788086935466828,1060.546875,0.864887096856745
2,11.84,339.84375,19.090725898027,0.703724600313507,1072.265625,0.813974174104784
2,11.86,345.703125,18.4440387728423,0.674648974357171,5.859375,0.83678072808351
2,11.88,2525.390625,17.5424998280659,0.844398404860834,2179.6875,0.824186202876763
2,11.9,2144.53125,20.6857483933818,0.427165895381395,380.859375,0.789097598255392
2,11.92,363.28125,20.729335242115,0.377012783359183,1781.25,0.797900724470849
2,11.94,339.84375,18.7365578324742,0.304009721933719,23.4375,0.854208143176344
2,11.96,339.84375,16.2295192469946,0.939107367553646,0,0.85060835001156
2,11.98,2613.28125,17.2103173430584,0.943459487442626,2273.4375,0.847633023695872
2,12,1394.53125,29.1695864188461,0.452264261799567,1218.75,0.659476580618567
2,12.02,1212.890625,25.6294328311136,0.202754172622946,181.640625,0.742296385546083
2,12.04,1458.984375,19.2182610866748,0.684230021117534,246.09375,0.797709578895468
2,12.06,1458.984375,33.4222940083156,0.798137614447288,0,0.637983513246492
2,12.08,1710.9375,34.5212076751461,0.340781998402091,251.953125,0.589464624041349
2,12.1,1705.078125,26.5255562490905,0.518987793648793,5.859375,0.722756794095217
2,12.12,1523.4375,26.4477631368546,0.717838616555442,181.640625,0.743954432547376
2,12.14,1476.5625,29.1199652379959,0.336801348647395,46.875,0.70483009684195
2,12.16,1417.96875,27.0550154286459,0.245166723152803,58.59375,0.684253192634134
2,12.18,1552.734375,27.6335293901008,0.262356361549311,134.765625,0.712091687261504
2,12.2,1447.265625,29.3435513657783,0.729906771793785,105.46875,0.704279460081799
2,12.22,1458.984375,35.7451222828562,0.193450291605326,11.71875,0.644234168869479
2,12.24,1464.84375,29.3733538149533,0.186864981755651,5.859375,0.689992546477397
2,12.26,1447.265625,35.3094412219403,0.413736754053259,17.578125,0.625073131487265
2,12.28,1488.28125,30.3097790004068,0.223115845931422,41.015625,0.662956319259376
2,12.3,1529.296875,27.9429865719502,0.250590556420332,41.015625,0.687569266523517
2,12.32,1417.96875,23.357471383959,0.334694760078981,111.328125,0.798298523662216
2,12.34,1863.28125,32.501378151872,0.140166668076052,445.3125,0.644088625586167
2,12.36,1869.140625,27.1394610905472,0.312793601660689,5.859375,0.706644809727249
2,12.38,1904.296875,20.7942803560502,0.516284451745247,35.15625,0.832034160154188
2,12.4,1863.28125,20.7939954508583,0.44927111283147,41.015625,0.814669622348014
2,12.42,328.125,17.0499274453808,0.574847515378914,1535.15625,0.865519344720994
2,12.44,1447.265625,26.0274328103837,0.518199588838565,1119.140625,0.740206775254688
2,12.46,404.296875,20.9783854651229,0.364728094691324,1042.96875,0.819712890283731
2,12.48,1716.796875,31.8747151566307,0.151436207468228,1312.5,0.637872452847293
2,12.5,1693.359375,23.5023297226835,0.203842041959799,23.4375,0.739405164792647
2,12.52,1535.15625,17.2846935472869,0.932114997950709,158.203125,0.842188546812865
2,12.54,1570.3125,32.2593767675544,0.160248253737112,35.15625,0.624729919185329
2,12.56,1576.171875,31.6675198151962,0.239729299295539,5.859375,0.579292338263659
2,12.58,1652.34375,21.5800693667036,0.510699424029008,76.171875,0.774838120360615
2,12.6,1728.515625,22.6263999745571,0.69048635915897,76.171875,0.742647002692659
2,12.62,1593.75,21.9797859934263,0.899737225410328,134.765625,0.793043032789241
2,12.64,1171.875,29.187058067605,0.428847049914095,421.875,0.699211816453155
2,12.66,1300.78125,17.8163228306893,0.750535240368478,128.90625,0.825970511927896
2,12.68,1699.21875,22.3366037220293,0.607197830231661,398.4375,0.778411612041689
2,12.7,1148.4375,16.6197842606568,0.757063668149132,550.78125,0.855921028512969
2,12.72,1242.1875,19.583527999552,0.606684752263021,93.75,0.807318285595804
2,12.74,345.703125,24.8523467261224,0.220540886102072,896.484375,0.721256912728583
2,12.76,369.140625,22.5335828473039,0.188522132945811,23.4375,0.781952294669985
2,12.78,439.453125,16.9125634383007,0.700240811195315,70.3125,0.844481121456737
2,12.8,1207.03125,16.8926012190172,0.794255357136475,767.578125,0.852038648378262
2,12.82,351.5625,26.8412625855066,0.100813773740277,855.46875,0.654579161290912
2,12.84,351.5625,20.6035347761062,0.601882372763142,0,0.786453191235381
2,12.86,1857.421875,23.6375605239174,0.281667500748175,1505.859375,0.726805378081164
2,12.88,333.984375,25.780327826959,0.100667529909617,1523.4375,0.704386621580975
2,12.9,333.984375,19.900988586598,0.83350265025573,0,0.806959301512453
2,12.92,357.421875,24.6814183616591,0.819935412745388,23.4375,0.732478813800907
2,12.94,439.453125,21.2950450831156,0.420843419897241,82.03125,0.804918925467539
2,12.96,457.03125,22.0374413427188,0.292036220817349,17.578125,0.813177124194042
2,12.98,1722.65625,30.0293996579781,0.916674936909641,1265.625,0.659479492082478
2,13,1716.796875,33.011203638548,0.930075089849644,5.859375,0.6345674229103
2,13.02,2220.703125,21.7610725204068,0.816759219037333,503.90625,0.796829544231326
2,13.04,1892.578125,24.4866157821182,0.701478676385207,328.125,0.755817288125006
2,13.06,1822.265625,17.6162646565581,0.865417204486174,70.3125,0.832234889429414
2,13.08,398.4375,16.2019500309204,0.910597836081953,1423.828125,0.859955968552419
2,13.1,333.984375,20.0416167374928,0.654129903429808,64.453125,0.803233226715238
2,13.12,316.40625,16.3711292628376,0.454229344783243,17.578125,0.863453800681279
2,13.14,345.703125,15.8996291417434,0.982724479543054,29.296875,0.866023665755549
2,13.16,369.140625,20.502889875868,0.365873291184086,23.4375,0.815445937648266
2,13.18,310.546875,18.1274776729264,0.660932996003794,58.59375,0.836732288117053
2,13.2,597.65625,17.0435814372816,0.676169738644724,287.109375,0.843714615941177
2,13.22,328.125,19.4962684929512,0.468500757326598,269.53125,0.835285338302018
2,13.24,363.28125,20.2410211946386,0.488842782882932,35.15625,0.822949174516165
2,13.26,333.984375,17.6182152000448,0.912021087139124,29.296875,0.826172209601062
2,13.28,357.421875,26.3456056008991,0.196030270957808,23.4375,0.694990875049305
2,13.3,375,22.1828910708887,0.354300528036173,17.578125,0.770700333273003
2,13.32,392.578125,19.0668240861871,0.720521261482138,17.578125,0.825745608692571
2,13.34,304.6875,22.4173514421413,0.29932960968796,87.890625,0.797531842044623
2,13.36,333.984375,20.9318376943764,0.356985113920709,29.296875,0.803163762783636
2,13.38,357.421875,20.3550956494391,0.713651335031691,23.4375,0.786645027073802
2,13.4,351.5625,26.4492458773483,0.0922369626126144,5.859375,0.661399704227991
2,13.42,345.703125,18.9167735833095,0.354843081436972,5.859375,0.845367353597776
2,13.44,363.28125,20.9150666046595,0.284747059323815,17.578125,0.787447281199007
2,13.46,363.28125,20.9512233286366,0.305496005852372,0,0.807695623620606
2,13.48,333.984375,22.2186525586797,0.227353115132058,29.296875,0.779764444123162
2,13.5,357.421875,24.5933768077227,0.149266919996997,23.4375,0.731371471473337
2,13.52,351.5625,18.8817389540125,0.77091064096635,5.859375,0.804583536774342
2,13.54,328.125,20.1773222194041,0.594890387890647,23.4375,0.825823712711477
2,13.56,673.828125,18.4465555792354,0.600490385640502,345.703125,0.829768402397718
2,13.58,375,17.6375189696086,0.917161918699608,298.828125,0.825093080309845
2,13.6,304.6875,20.492977578903,0.297901700242717,70.3125,0.79399231599192
2,13.62,363.28125,19.3555685177194,0.225506415034523,58.59375,0.827209027750215
2,13.64,380.859375,22.8359191237909,0.11295476420847,17.578125,0.699597635477652
2,13.66,1195.3125,15.8130956195321,0.886947363365836,814.453125,0.864106845281883
2,13.68,2595.703125,27.9815518069992,0.441016937993219,1400.390625,0.657884694182815
2,13.7,2542.96875,22.3495814352842,0.243492513640046,52.734375,0.784344551207197
2,13.72,457.03125,18.9058407932393,0.564897447910155,2085.9375,0.818670837613018
2,13.74,626.953125,20.3825850046538,0.896246112619321,169.921875,0.796976224058665
2,13.76,304.6875,18.9926396418589,0.726803358377088,322.265625,0.836924281085504
2,13.78,316.40625,21.6307628409836,0.382885831843205,11.71875,0.762561042943235
2,13.8,357.421875,17.1700298375561,0.37731304793581,41.015625,0.8478534423024
2,13.82,1166.015625,18.2979230644802,0.93304926402231,808.59375,0.835611442477397
2,13.84,328.125,23.0260421517229,0.71441208477307,837.890625,0.753715069410935
2,13.86,1845.703125,15.2813087238054,0.938046795077452,1517.578125,0.865480690369254
2,13.88,1775.390625,20.0875785435799,0.370129474274003,70.3125,0.773018735984138
2,13.9,1699.21875,21.0393552687393,0.371412751920904,76.171875,0.804562571422894
2,13.92,339.84375,15.187889216063,0.691813323149139,1359.375,0.87224987090626
2,13.94,304.6875,15.8520692566829,0.453343502453213,35.15625,0.877183900082968
2,13.96,345.703125,18.5649841412929,0.45138120400776,41.015625,0.838770145014428
2,13.98,345.703125,23.3609370196423,0.312270252004455,0,0.757759804134586
2,14,351.5625,23.4704661591187,0.0724998981549644,5.859375,0.724761082318895
2,14.02,304.6875,17.2093567770071,0.831572854859578,46.875,0.83786597923814
2,14.04,304.6875,19.1604255808752,0.606911449240114,0,0.818928035202954
2,14.06,345.703125,15.5507226270039,0.977264230892055,41.015625,0.850580551768418
2,14.08,486.328125,18.016332140108,0.931733981090386,140.625,0.821998200948715
2,14.1,632.8125,18.0652698616867,0.891994075865707,146.484375,0.817361966841786
2,14.12,345.703125,18.1965266899082,0.884062266090616,287.109375,0.825586872141709
2,14.14,316.40625,22.1466018403709,0.878311751778492,29.296875,0.74769493503513
2,14.16,375,17.3202765201182,0.440877040902522,58.59375,0.855862850745651
2,14.18,369.140625,23.7087258325221,0.431678591740854,5.859375,0.739832050806829
2,14.2,363.28125,25.2780023407627,0.101918856065719,5.859375,0.700601554813804
2,14.22,328.125,21.4641598413028,0.746946599705197,35.15625,0.780594239497084
2,14.24,363.28125,21.2934718419109,0.205920121009497,35.15625,0.800248008722025
2,14.26,339.84375,22.3215108671463,0.230786500567534,23.4375,0.80859380053689
2,14.28,310.546875,20.9788290055904,0.407577869507533,29.296875,0.811112661352088
2,14.3,1054.6875,15.3287726385484,0.910968143537695,744.140625,0.86982715925572
2,14.32,2607.421875,25.5140908704137,0.215854189261848,1552.734375,0.699281364091486
2,14.34,2583.984375,22.3913910835916,0.512561566946552,23.4375,0.784326465080429
2,14.36,375,18.2863261934314,0.79781566593471,2208.984375,0.824799602357139
2,14.38,1166.015625,15.3877703795155,0.754390078235856,791.015625,0.870928622981055
2,14.4,345.703125,26.2401475291353,0.128525049527809,820.3125,0.694359933738342
2,14.42,375,20.7940321170668,0.144111739084784,29.296875,0.789502838526229
2,14.44,2783.203125,18.9916869734079,0.86021600073114,2408.203125,0.811999872821533
2,14.46,2789.0625,22.5838941082734,0.731748358997433,5.859375,0.772824166141813
2,14.48,392.578125,16.6977207088617,0.707038147692385,2396.484375,0.854186750423385
2,14.5,375,22.1007560533519,0.333347455798234,17.578125,0.797580770955269
2,14.52,457.03125,21.93868461205,0.581813672638905,82.03125,0.769116624703144
2,14.54,333.984375,23.2350444342999,0.666156177420624,123.046875,0.762131833720828
2,14.56,363.28125,20.7890544830555,0.177696499358383,29.296875,0.804145163799365
2,14.58,339.84375,16.6209138592843,0.618270251696756,23.4375,0.859542580773903
2,14.6,328.125,21.1824657542814,0.629984831271571,11.71875,0.787656111062879
2,14.62,322.265625,23.6368040347349,0.216639075078024,5.859375,0.754672493532822
2,14.64,310.546875,21.1971457742139,0.482646725301944,11.71875,0.788063673801394
2,14.66,433.59375,21.4864600219736,0.401464712092074,123.046875,0.788520230223982
2,14.68,363.28125,24.2218120263499,0.185353729541488,70.3125,0.733319753461325
2,14.7,339.84375,22.9777404659977,0.395912998659283,23.4375,0.771007628805283
2,14.72,369.140625,16.1280791827278,0.460642112852414,29.296875,0.873439967786843
2,14.74,3298.828125,17.6925750959727,0.584404740644248,2929.6875,0.820554291646183
2,14.76,357.421875,16.3414688867703,0.575921667604656,2941.40625,0.856213140388189
2,14.78,363.28125,20.1455587668253,0.219925185916333,5.859375,0.816155596377368
2,14.8,333.984375,14.1313899180756,0.403454952836028,29.296875,0.906182847340735
2,14.82,351.5625,14.8706639526632,0.425324561465796,17.578125,0.897818387379928
2,14.84,1060.546875,14.5951975318723,0.467482726158988,708.984375,0.892073531880218
2,14.86,316.40625,12.891134055397,0.921553143162535,744.140625,0.890408142773765
2,14.88,363.28125,19.7016666908595,0.245923696129165,46.875,0.81935211590788
2,14.9,462.890625,21.4984257453914,0.912239012534817,99.609375,0.775476835584986
2,14.92,333.984375,24.3326233368317,0.317373646334736,128.90625,0.734794543559531
2,14.94,375,23.9620889325788,0.177239433488828,41.015625,0.735700882364236
2,14.96,304.6875,23.1274809808148,0.369615900266475,70.3125,0.779898825545563
2,14.98,474.609375,22.1170696597756,0.92813721443113,169.921875,0.783473545794246
2,15,369.140625,25.6766152351699,0.32894002840406,105.46875,0.689944576960315
2,15.02,345.703125,26.3218070129217,0.252253299527282,23.4375,0.714393869019318
2,15.04,351.5625,23.969801950903,0.1795897015578,5.859375,0.743948940204866
2,15.06,339.84375,20.8874515474396,0.633819173119173,11.71875,0.774719734746662
2,15.08,345.703125,16.4221669563759,0.785375474289185,5.859375,0.871828073088985
2,15.1,404.296875,21.4980114254372,0.36166230888651,58.59375,0.766547123802542
2,15.12,304.6875,18.8610830019297,0.793507728309826,99.609375,0.830569694513595
2,15.14,339.84375,25.5923015577205,0.201343191882986,35.15625,0.723777206436222
2,15.16,333.984375,19.5758265973186,0.502833439772505,5.859375,0.818855560311754
2,15.18,304.6875,16.2539934348198,0.989873577984712,29.296875,0.829832201333673
2,15.2,345.703125,19.8346079360754,0.388987299048585,41.015625,0.808829418240716
2,15.22,333.984375,14.3904920114348,0.973050086424322,11.71875,0.878628838139983
2,15.24,632.8125,15.5645058906913,0.592660005837761,298.828125,0.881753529613373
2,15.26,369.140625,19.5851173759152,0.460314623155679,263.671875,0.811536733838048
2,15.28,445.3125,14.8192467383557,0.787490250975788,76.171875,0.885168590104306
2,15.3,4910.15625,25.6315768441219,0.114388065260276,4464.84375,0.722642159479078
2,15.32,4998.046875,21.9481412610445,0.383117976985053,87.890625,0.809540039176381
2,15.34,375,18.3002364446961,0.599891992525985,4623.046875,0.836144393423434
2,15.36,386.71875,17.9848662868723,0.58469138262091,11.71875,0.837958226469454
2,15.38,1792.96875,18.9528939190641,0.509034660014911,1406.25,0.796617387941642
2,15.4,1781.25,21.0940639098407,0.240583428512472,11.71875,0.803500973667609
2,15.42,697.265625,19.9912938412556,0.372222063504708,1083.984375,0.824756997148644
2,15.44,486.328125,20.6738950969222,0.709303278061533,210.9375,0.763308224489409
2,15.46,380.859375,18.0984540066467,0.488433770359726,105.46875,0.846425111863878
2,15.48,328.125,20.8479172915442,0.242881708077839,52.734375,0.810703102117187
2,15.5,369.140625,21.9404862507358,0.0966629458149505,41.015625,0.766656069534552
